0.25802514	-0.04559489	0.010126304	-0.02638666	-0.1149292	0.1012876	0.101427354	0.045628168	-0.02934193	-0.11959992	0.032137904	0.13859254	-0.08179408	0.057503257	-0.04906068	-0.082960054
-0.09349982	0.35567334	0.36277908	-0.28706175	-0.3597293	0.40980235	0.37329495	-0.36529997	-0.41590112	-0.32908118	-0.31796727	-0.33053717	0.3715676	0.28615624	0.3355811	-0.3418579
-0.063583	0.11905726	0.09232715	-0.08923821	-0.1095335	0.154495	0.13180172	-0.16569094	-0.124514066	-0.11605788	-0.13175371	-0.13499439	0.14882052	0.1362579	0.14139467	-0.08943148
0.21658657	-0.29076007	-0.20121403	0.23586316	0.13610643	-0.12176745	-0.10636444	0.2286651	0.15926586	0.12020496	0.23589094	0.28208557	-0.2473648	-0.18452911	-0.26778546	0.17752591
0.13325013	-0.12498871	-0.08236009	0.06577541	0.0794179	-0.04467529	-0.040045634	0.07450969	0.04387	0.10663767	0.07650484	0.11318386	-0.09793408	-0.057882495	-0.038943723	0.051811833
-0.006589643	0.14754072	0.13196072	-0.16695713	-0.19239116	0.11055116	0.16145284	-0.118238084	-0.14180347	-0.1656829	-0.13522224	-0.17449096	0.14313771	0.1498403	0.13083836	-0.16158806
0.05815784	-0.06244524	-0.098386444	0.089349814	0.055803765	-0.09568037	-0.107423544	0.09676656	0.07448951	0.08507466	0.08275391	0.0967779	-0.08361139	-0.06603558	-0.09058941	0.0846997
-0.50432473	1.3063467	1.185395	-1.2057145	-1.2310447	1.1179656	1.0530432	-1.1269416	-1.1911997	-1.1015254	-1.1816713	-1.3527476	1.2087547	1.0752783	1.3070687	-1.1561664
-0.06533681	0.2247534	0.19181424	-0.19937436	-0.289999	0.26231226	0.1706742	-0.18664557	-0.2299173	-0.22908059	-0.20037481	-0.19704048	0.17739283	0.18914387	0.22516322	-0.2132274
-0.07811471	0.20308465	0.18555677	-0.18183017	-0.16976902	0.1700977	0.1123482	-0.18389161	-0.20332	-0.13691795	-0.14764573	-0.1153777	0.12630856	0.09260948	0.21000408	-0.16546464
-0.096566774	0.23238634	0.2148515	-0.18264623	-0.290356	0.28131112	0.2704229	-0.26127118	-0.27912778	-0.22580947	-0.26799262	-0.2086026	0.21866028	0.2198872	0.22072339	-0.1919137
-0.010417703	0.109363765	0.14755382	-0.11232868	-0.11038028	0.10714858	0.11639925	-0.13560133	-0.10001444	-0.16678943	-0.14091298	-0.08904335	0.13249053	0.109945066	0.11919535	-0.081802204
0.07241979	-0.0073230625	-0.04077501	0.01600725	0.046298265	-0.01999587	-0.0499583	0.04470147	-0.024302116	0.05266313	0.052844908	0.036517043	-0.058573436	0.025209397	-0.055631746	0.06399206
-0.117206715	0.2863339	0.2332237	-0.27121648	-0.24889514	0.2901818	0.26091072	-0.24064082	-0.25736094	-0.25993466	-0.24113348	-0.29481542	0.2906166	0.25806132	0.33366337	-0.27691713
-0.49613184	1.3298061	1.1852621	-1.2580407	-1.2096248	1.1636132	1.0385011	-1.1662742	-1.1886171	-1.1072875	-1.1985399	-1.3710269	1.2191714	1.0130608	1.3385665	-1.2070682
-0.030573254	0.15414675	0.14001349	-0.1792393	-0.20266831	0.16775517	0.122787766	-0.14841776	-0.11764878	-0.15332507	-0.10681542	-0.17428844	0.18378301	0.10465459	0.17781645	-0.16028596
-0.09055525	0.3675458	0.29562065	-0.32962105	-0.37108985	0.27296156	0.3242033	-0.3238782	-0.266644	-0.3425897	-0.3139773	-0.30930072	0.2717255	0.23778132	0.38908556	-0.3538011
0.11744634	-0.040585477	-0.010571717	0.049069438	-0.022654688	0.0037889006	0.011710453	0.008991851	0.019426404	0.05626049	0.06501821	0.028412612	-0.018574536	-0.04838651	-0.073692895	0.06035546
-0.5128676	1.1238031	1.0184387	-1.0800563	-1.042782	0.98431003	0.95490617	-1.0461196	-1.0753689	-0.99278086	-1.0473677	-1.1226331	1.0574498	0.86008227	1.2754309	-1.0044564
0.45161298	-0.8314803	-0.68878925	0.76263356	0.73847777	-0.70979005	-0.60293615	0.7492567	0.68544096	0.67257124	0.760331	0.8094293	-0.7891566	-0.6329338	-0.88017493	0.6848463
0.13296215	-0.16359617	-0.1732805	0.10190182	0.10684422	-0.098636046	-0.102099426	0.0879988	0.105081506	0.07289546	0.16739893	0.1513037	-0.11635188	-0.11764924	-0.13589485	0.1093062
-0.22764914	0.687111	0.6386724	-0.66325897	-0.6149196	0.58151484	0.525639	-0.57186246	-0.59694695	-0.51711595	-0.5865583	-0.6991614	0.60655636	0.51410055	0.67093736	-0.5681419
-0.29215628	0.6476204	0.62931055	-0.6648785	-0.6910033	0.58074373	0.5686529	-0.6561253	-0.6421564	-0.5401907	-0.6130131	-0.68975616	0.6312883	0.58048946	0.67776036	-0.58000934
0.27610156	-0.3761993	-0.38610324	0.43644914	0.3930122	-0.3306141	-0.31796116	0.36652532	0.39750466	0.34416765	0.40571323	0.42400262	-0.45077202	-0.35005093	-0.50912756	0.40094146
0.08324643	-0.085019276	-0.084011205	0.10522262	0.100196645	-0.042482246	-0.10447583	0.10905303	0.12012504	0.10255765	0.12287916	0.11030454	-0.07631508	-0.11205616	-0.15843046	0.051221862
-0.08408314	0.17747459	0.17074786	-0.15954734	-0.1865347	0.22017288	0.18692909	-0.14611372	-0.19171458	-0.15575644	-0.19561042	-0.24001656	0.2102766	0.22613026	0.18338129	-0.17619744
-0.6252614	1.418394	1.3010631	-1.3401763	-1.3378351	1.2549565	1.1867589	-1.2834964	-1.2824297	-1.2475017	-1.3595105	-1.5652611	1.3425971	1.1572839	1.5325798	-1.315324
-0.16258164	0.29170504	0.23301551	-0.27651864	-0.29248682	0.24241124	0.21999902	-0.33297986	-0.27033094	-0.31904137	-0.3362915	-0.3249659	0.3263433	0.21885744	0.28040302	-0.28948072
0.22970596	-0.28111187	-0.21728298	0.20833655	0.22079337	-0.21671338	-0.220764	0.26535407	0.24870333	0.18148378	0.23164846	0.23311527	-0.23050228	-0.1595275	-0.28837374	0.19392115
-0.46869254	1.1076578	0.9199337	-0.9944377	-1.0470653	0.92863214	0.8720445	-0.9879369	-0.9304708	-0.8684504	-0.9994238	-1.078811	0.9930111	0.86494184	1.1444234	-0.9762361
0.21387896	-0.30003482	-0.26413956	0.3132112	0.21135029	-0.21612866	-0.26429242	0.30457437	0.2895271	0.19822916	0.2842717	0.3562835	-0.32734454	-0.2741606	-0.35841343	0.30889857
-0.015197071	0.12159445	0.07442869	-0.114664786	-0.074088015	0.0826797	0.053961936	-0.124241166	-0.062645055	-0.07574133	-0.05821273	-0.061200738	0.12508719	0.10999678	0.07195466	-0.051156126
0.15920189	-0.23333511	-0.19957992	0.18252	0.15053937	-0.18551409	-0.11446847	0.1509482	0.1389139	0.11075498	0.19076404	0.19940701	-0.21717797	-0.16912967	-0.20956811	0.12844707
-0.09405445	0.329677	0.30332333	-0.30870152	-0.33947873	0.33395582	0.3194193	-0.28602678	-0.29530385	-0.29651102	-0.31917313	-0.38917145	0.33738127	0.3315415	0.33054394	-0.32444796
0.024044545	-0.017947309	-0.01425352	0.014101574	0.00086776377	0.03512463	0.06718718	-0.033959392	-0.01808141	0.008632894	-0.018388474	0.049620267	-0.012927667	0.025090527	-0.025592197	0.03229287
0.0070188143	-0.016327871	0.05297912	-0.07522231	-0.090020284	0.10580744	0.008439143	-0.0116617065	-0.03127112	-0.047955908	-0.053851176	-0.020532554	0.073859386	0.04460242	0.06260879	-0.07750833
0.31476387	-0.5920864	-0.48987862	0.54139096	0.4828178	-0.4628043	-0.44286957	0.47354198	0.4898409	0.47332573	0.5399569	0.6063404	-0.5294525	-0.49125716	-0.6325527	0.5309168
0.22562976	-0.3528741	-0.31396315	0.27870238	0.27953884	-0.25249407	-0.25865436	0.3088877	0.27069935	0.26865447	0.31841397	0.31272736	-0.3338769	-0.28349313	-0.3422648	0.3111664
0.33678234	-0.49175262	-0.44977778	0.46919703	0.48097587	-0.40529534	-0.3651906	0.41244456	0.43430987	0.4601193	0.4225165	0.55822223	-0.50119436	-0.4119281	-0.56839293	0.47967952
-0.45526192	0.8901511	0.78490406	-0.7960718	-0.7610858	0.76499873	0.6565944	-0.7523351	-0.75020134	-0.7571483	-0.8022157	-0.85353315	0.83743495	0.6703277	0.94985074	-0.74200475
-0.17223999	0.4789137	0.4791584	-0.42574048	-0.45022142	0.4472035	0.3939494	-0.4784857	-0.43174124	-0.39550307	-0.41180706	-0.45296708	0.419463	0.42354777	0.4568648	-0.4558354
0.1951964	-0.21295293	-0.18833202	0.28553554	0.2593875	-0.19443342	-0.17497559	0.25616637	0.20395845	0.21137694	0.26733652	0.2926314	-0.2525949	-0.20925468	-0.23723742	0.23081139
0.061731745	-0.077654086	-0.04716005	0.048117675	0.09996977	-0.06960602	-0.02949844	0.06250582	0.07272794	0.04233521	0.04083546	0.1227624	-0.079340994	-0.026811868	-0.11638088	0.08550277
-0.27104083	0.55791116	0.44400716	-0.47377026	-0.46592218	0.44962132	0.39249852	-0.47069883	-0.48848626	-0.40335098	-0.54151726	-0.5640835	0.53788453	0.40387118	0.553742	-0.47001454
-0.2706162	0.60436046	0.49908566	-0.55661994	-0.5538478	0.5387007	0.45800477	-0.49013743	-0.56018305	-0.515721	-0.4785446	-0.6046829	0.51648736	0.48024458	0.6512845	-0.5446652
0.10088833	-0.21580198	-0.11526146	0.13863389	0.14995809	-0.14288355	-0.14677364	0.13876326	0.13184467	0.1846005	0.21236196	0.17404127	-0.21348743	-0.17353751	-0.22138701	0.13650312
-0.30428267	0.65676636	0.54239935	-0.62219346	-0.5878595	0.62113917	0.52050745	-0.6388277	-0.5776951	-0.5702073	-0.5774353	-0.6604351	0.6543109	0.55955917	0.6575375	-0.6285774
0.0065658884	0.16531052	0.20515674	-0.16893823	-0.23053971	0.20734006	0.16078201	-0.15013017	-0.20140223	-0.20583507	-0.16926736	-0.20853469	0.16038448	0.22021616	0.20445986	-0.16027431
0.14279269	-0.19437186	-0.18888544	0.1383803	0.17251249	-0.15254767	-0.13215272	0.1779001	0.10981743	0.10785774	0.1642954	0.16207185	-0.14879806	-0.15140177	-0.14153868	0.19882187
-0.2814951	0.84683055	0.72558385	-0.78768766	-0.77038234	0.64794195	0.6429534	-0.6884178	-0.7656835	-0.711248	-0.75772655	-0.8106429	0.7894309	0.6567241	0.8530276	-0.7857758
0.07346097	-0.07570072	-0.055148706	0.0051964475	-0.019427996	-0.012520083	-0.0052782814	0.004798405	-0.027036447	0.053189993	0.0609835	0.0047421223	-0.070082135	0.030640164	0.017304853	0.0026636727
-0.1368635	0.3025228	0.29960036	-0.30322996	-0.2568096	0.27306268	0.24689098	-0.2916472	-0.2644677	-0.23342796	-0.20980212	-0.25388408	0.24861674	0.1924355	0.32079247	-0.26618707
-0.019562688	0.028717715	0.01063477	-0.011750843	-0.012051242	0.09592154	0.013897408	-0.024168927	-0.010184482	-0.057092555	0.003713567	-0.00661635	0.05360785	0.09907121	-0.014341384	-0.032118794
0.111792944	-0.12820795	-0.15533763	0.15453315	0.09393165	-0.12081798	-0.11776915	0.17328078	0.1499958	0.11996838	0.1643362	0.10995146	-0.118063286	-0.14258109	-0.1436319	0.14210823
-0.4581383	0.8930016	0.8399515	-0.90509796	-0.855838	0.7578321	0.7279209	-0.78818905	-0.7778468	-0.76138186	-0.8795511	-0.9121168	0.8377776	0.722711	0.94586253	-0.80827993
-0.04062531	0.004010117	0.07325301	0.014771175	-0.0775723	0.050533623	0.011618515	-0.023858445	-0.03997029	-0.011191517	-0.053586088	0.041879162	-0.00044601993	0.03787551	-0.004651838	0.016999407
0.15004992	-0.2017331	-0.14327945	0.1224113	0.14963198	-0.17691202	-0.123948015	0.1227996	0.13300297	0.17430037	0.2013733	0.20700128	-0.17472292	-0.1241357	-0.1835619	0.17083076
-0.23565352	0.4248678	0.41852987	-0.40820536	-0.41461527	0.37531036	0.30072042	-0.35794455	-0.359104	-0.3812929	-0.40669438	-0.41876048	0.42720807	0.29919952	0.44386098	-0.40107727
-0.42715624	0.8278702	0.7124266	-0.82492936	-0.8611123	0.7862775	0.6660782	-0.80690247	-0.754166	-0.7060455	-0.7433114	-0.90547293	0.7731134	0.68165255	0.93206084	-0.82071584
0.1269358	-0.00013855833	-0.09302354	0.0040832683	-0.010181709	-0.013676542	0.023922022	0.031139538	0.027466437	0.0638948	0.06267121	0.056604497	0.016975617	-0.03981598	-0.011104977	0.03598371
0.015771281	-0.049451895	-0.043736834	0.054788087	0.02938838	-0.08298161	-0.025732175	0.057909366	0.07401491	0.02936356	0.029253565	0.1543644	-0.10462676	-0.009174811	-0.051338013	0.07587321
-0.009240363	0.06735458	0.048994623	-0.0044165766	-0.04165282	0.03283672	0.06844824	-0.054828424	-0.02427527	-0.05313604	0.01363765	-0.031662147	0.06939278	0.05192269	0.049736973	-0.051596858
-0.2903411	0.553969	0.44652542	-0.5027586	-0.5671362	0.4740936	0.44466183	-0.52147573	-0.53228825	-0.5042336	-0.5193522	-0.5115369	0.5583484	0.467069	0.5690256	-0.46419987
-0.1875776	0.42123064	0.35981596	-0.445296	-0.45607567	0.4406313	0.335289	-0.40714234	-0.39847517	-0.3491645	-0.46827686	-0.48114184	0.4374395	0.3824098	0.5180875	-0.3721893
-0.042664435	0.17324139	0.15661374	-0.1498051	-0.11559015	0.08471252	0.08219674	-0.1710681	-0.15180342	-0.14753972	-0.09060092	-0.12986794	0.13857108	0.11240115	0.13469873	-0.14445226
-0.5728584	1.2913231	1.0675454	-1.188003	-1.2163234	1.1169751	0.9701833	-1.1991632	-1.1064492	-1.0510044	-1.2062793	-1.2957402	1.2282737	0.97576547	1.3507411	-1.109023
0.14451241	-0.34080878	-0.3622403	0.31995982	0.323744	-0.28726673	-0.32104287	0.34178647	0.35018587	0.2964459	0.31926626	0.3178791	-0.3387794	-0.36344206	-0.37429255	0.29359248
-0.18781367	0.34775728	0.35856804	-0.357014	-0.32640493	0.29680434	0.31213817	-0.33104783	-0.3615154	-0.35153142	-0.35192794	-0.31669202	0.3380923	0.32168877	0.3946151	-0.29000452
-0.05622194	0.34967017	0.29465514	-0.3396201	-0.3079693	0.25779068	0.29177752	-0.35573998	-0.33329946	-0.29491836	-0.36517262	-0.34645712	0.33959952	0.2972067	0.40185663	-0.37524638
-0.48144615	0.89814883	0.7400528	-0.8814112	-0.82732475	0.7412704	0.7610357	-0.7848595	-0.8178017	-0.72477025	-0.86141086	-0.9513542	0.8087559	0.7352491	1.0001847	-0.76835006
-0.34267986	0.76215386	0.70383114	-0.73655784	-0.7220343	0.68341494	0.6436013	-0.6776811	-0.6549738	-0.6412264	-0.6652772	-0.783461	0.7031935	0.57579815	0.86782557	-0.6703335
0.37074992	-0.68523556	-0.6102055	0.5909375	0.61716604	-0.5795008	-0.5036784	0.5824836	0.601109	0.58171654	0.6233455	0.6868502	-0.5612149	-0.5205087	-0.61267567	0.6374079
0.011013236	-0.016349131	-0.028998297	0.06733386	0.013020232	-0.08763635	-0.043931253	0.016519751	-0.003907392	0.007979717	0.033187617	0.04363102	-0.047394905	-0.07900727	-0.024516314	0.019657858
0.081651874	-0.12920232	-0.07738693	0.14192352	0.06497242	-0.11487097	-0.102689095	0.11609557	0.0781677	0.061998326	0.16576761	0.1543567	-0.17612338	-0.07496561	-0.09486595	0.056971647
0.12712823	-0.17907399	-0.08331284	0.089087114	0.104934365	-0.08515996	-0.077487774	0.16112158	0.14742778	0.13809389	0.17166138	0.15326373	-0.17353994	-0.094185	-0.14043024	0.091755
-0.07607561	0.28775284	0.26468283	-0.31986436	-0.32874876	0.28442717	0.20734896	-0.2772395	-0.32625344	-0.27419862	-0.24497534	-0.29248682	0.2443956	0.20974016	0.30871475	-0.23527159
-0.4034007	0.9990381	0.87649184	-0.9132648	-0.9171421	0.79455817	0.7275076	-0.85509354	-0.84067255	-0.7814872	-0.84942967	-0.9787817	0.95390046	0.73531735	1.0589997	-0.8968672
-0.14075994	0.29972905	0.3302601	-0.2798925	-0.33046818	0.32169402	0.29235896	-0.3329717	-0.28144333	-0.2592915	-0.36058763	-0.36185062	0.2758207	0.32032531	0.37306827	-0.33976173
-0.010507102	-0.020494765	-0.018228538	0.01905824	0.012508271	-0.012596524	0.040277958	0.031150967	0.008188973	-0.0270036	0.0023434046	0.061347034	-0.033159014	-0.038101815	0.035754107	-0.014074892
-0.10785581	0.3186277	0.28477383	-0.30702493	-0.39198744	0.31480226	0.31392604	-0.32974577	-0.335651	-0.30997226	-0.36055195	-0.4073384	0.3429361	0.33111435	0.4055957	-0.37443516
-0.23886885	0.56728655	0.54656756	-0.5156366	-0.55547255	0.54025114	0.4552875	-0.5681258	-0.5156108	-0.5074613	-0.55981	-0.54568696	0.50953484	0.41431868	0.6693083	-0.5197582
0.043866638	-0.030512044	-0.022076787	0.06613969	0.05895507	-0.03746782	-0.00157363	-0.014885772	-0.019876285	0.06309422	-0.012336708	0.023058295	0.023445731	-0.047391895	-0.061613616	-0.020138193
-0.009930218	-0.14548506	-0.1011614	0.107295685	0.10046263	-0.030536493	-0.045672793	0.08973134	0.12866649	0.057363577	0.103956565	0.17020117	-0.14945817	-0.12420956	-0.050684422	0.0987471
0.1269864	-0.18675758	-0.17776005	0.18281294	0.16418272	-0.2099938	-0.19116558	0.17866224	0.21004166	0.20295015	0.21154924	0.19378154	-0.20087479	-0.15438357	-0.19226266	0.20927149
-0.01147624	0.11228676	0.12808582	-0.050842524	-0.07386087	0.08000409	0.11493144	-0.072516195	-0.12774996	-0.090164565	-0.12302898	-0.061163615	0.06809918	0.11107447	0.106138155	-0.058837842
0.21965691	-0.3275697	-0.3057757	0.24677892	0.25824115	-0.20229466	-0.25083256	0.24487571	0.2518691	0.25003406	0.25189906	0.31602952	-0.25727782	-0.18940775	-0.36364156	0.30088082
0.124526106	-0.08271235	-0.15095162	0.106055	0.082722485	-0.055005956	-0.051537663	0.09247954	0.14389843	0.10787279	0.059464525	0.058892906	-0.1463195	-0.13523206	-0.09617949	0.0715074
0.35212538	-0.60306597	-0.55347097	0.5467119	0.5901591	-0.48017183	-0.4343425	0.49605983	0.49521297	0.5242239	0.5171035	0.5751019	-0.51552975	-0.5192918	-0.5832915	0.48647386
0.050212353	-0.077438794	-0.11277973	0.027956806	0.006702145	-0.018229077	-0.040995818	0.045002677	0.028713198	0.079905555	0.063576624	0.11894399	-0.06391815	-0.09347772	-0.06927341	0.035395697
-0.4259283	0.77130675	0.6477228	-0.7476461	-0.74705917	0.6251832	0.5770955	-0.72457516	-0.68151546	-0.679502	-0.73520076	-0.74920356	0.70198387	0.6369965	0.84938526	-0.67672205
-0.09925777	0.31560996	0.28920883	-0.3089294	-0.31252456	0.27216393	0.25968647	-0.20968361	-0.26777363	-0.28789654	-0.22035828	-0.2612107	0.27552727	0.23809868	0.2773699	-0.27402857
-0.069133095	0.14043735	0.102326006	-0.07409005	-0.12555657	0.14691	0.13621394	-0.07503639	-0.13804287	-0.111982055	-0.12967853	-0.10869189	0.045606952	0.07220935	0.07590625	-0.05544627
0.0593723	-0.15174	-0.13697118	0.0996193	0.09734999	-0.073520295	-0.15102698	0.13990767	0.12882002	0.16191046	0.16528131	0.16080157	-0.16112928	-0.11215779	-0.09533642	0.11575822
-0.17087655	0.44727203	0.4027305	-0.34306258	-0.4306479	0.35470068	0.38023427	-0.33351976	-0.4043888	-0.3197937	-0.4094692	-0.37718198	0.4184843	0.34528765	0.41870508	-0.37268022
0.09148407	-0.175107	-0.08107846	0.09525311	0.117816575	-0.11994966	-0.14819361	0.14264189	0.1221915	0.105706386	0.13652164	0.16404809	-0.15945739	-0.11836026	-0.14554654	0.09368692
-0.22681086	0.6428025	0.47296077	-0.5778522	-0.53116524	0.5072833	0.47042647	-0.56960505	-0.5619325	-0.47351965	-0.5031052	-0.6501126	0.5435184	0.50778675	0.62528723	-0.5814362
-0.28866386	0.58567905	0.5801195	-0.62590986	-0.5421705	0.51985407	0.529682	-0.5910017	-0.5734845	-0.51081055	-0.59219044	-0.6792972	0.5511898	0.4951757	0.615366	-0.5396819
-0.10578157	0.17408176	0.15205614	-0.12264582	-0.15744899	0.13126212	0.12792404	-0.1630719	-0.13320786	-0.13996571	-0.178059	-0.16157009	0.10917778	0.17188855	0.19080055	-0.19503275
0.21093123	-0.43313602	-0.40740964	0.39881602	0.34953412	-0.295781	-0.33639485	0.3953109	0.40764615	0.33949703	0.34560737	0.42141867	-0.367458	-0.28098595	-0.41013312	0.392555
0.12285883	-0.24798205	-0.22881489	0.3085128	0.226605	-0.2046288	-0.23184408	0.25521725	0.24558525	0.249226	0.2928812	0.31546518	-0.2967524	-0.26322952	-0.28536043	0.3215343
0.086406186	-0.07186525	0.027117146	0.0355448	0.025482943	-0.0050595	-0.009627221	0.046675	0.062157013	0.056135353	0.07429885	0.08435215	-0.017411374	-0.021982754	-0.0026184407	-0.023657752
-0.21873808	0.5544238	0.49840426	-0.5033097	-0.5741968	0.47893992	0.44929338	-0.49776036	-0.5096115	-0.44727772	-0.4940391	-0.62293375	0.54041064	0.48606202	0.63796693	-0.528643
-0.14465512	0.31310955	0.27161115	-0.25574693	-0.29244196	0.31095868	0.24272314	-0.3220374	-0.25703296	-0.30062088	-0.29261532	-0.34786814	0.3150698	0.265896	0.30020198	-0.23324579
-0.43862522	0.83614004	0.76845783	-0.81541216	-0.8239561	0.7413564	0.6921209	-0.7999453	-0.76653063	-0.6864285	-0.7707887	-0.87174124	0.83032566	0.72147924	0.9016144	-0.8054801
0.047467887	-0.15407972	-0.15354174	0.09073311	0.16185382	-0.115584895	-0.11892672	0.08799801	0.16273233	0.09104798	0.17833342	0.16396981	-0.16105676	-0.10720305	-0.18634704	0.1317218
-0.26664653	0.5097553	0.50070053	-0.50311226	-0.4789038	0.39589858	0.414319	-0.51061684	-0.45359597	-0.39390227	-0.44457456	-0.54579455	0.5257876	0.37668908	0.49722457	-0.41793957
0.22179794	-0.4239255	-0.32257888	0.3379368	0.33052942	-0.30085298	-0.32522616	0.305478	0.36132446	0.35805935	0.33610642	0.34952202	-0.42048955	-0.27269822	-0.39351428	0.33439913
0.06823777	-0.08138933	-0.07478998	0.08491374	0.09610901	-0.060277145	-0.01480372	0.06470139	0.09390168	0.08046962	0.09383725	0.10622421	-0.027662134	-0.044516083	-0.06258295	0.017038425
0.076461166	-0.12802732	-0.16728774	0.114512466	0.15770036	-0.0781214	-0.16263957	0.15526341	0.09867054	0.087546416	0.15246	0.21195155	-0.1760315	-0.09542462	-0.1965789	0.1667786
0.027115515	0.08546557	0.047910355	-0.06751594	-0.06682339	0.012836588	0.026658487	-0.0995598	-0.04117307	-0.05757289	-0.09749457	-0.042070936	0.06886464	0.10168646	0.07946507	-0.08657074
-0.12669112	0.38132986	0.32274595	-0.27723747	-0.31496158	0.26842988	0.21464135	-0.29340667	-0.33109376	-0.27493283	-0.35437858	-0.29046822	0.30958822	0.27726835	0.34581298	-0.3320668
0.094149135	-0.11739921	-0.021860303	0.09369628	0.06985591	-0.076221645	-0.043488413	0.07169163	0.07797052	0.06920169	0.06470742	0.12940484	-0.05761391	-0.085612565	-0.098572195	0.07930595
0.1045901	0.025281165	-0.015403442	0.023622364	0.005088518	-0.015631942	0.051148847	-0.058667574	0.018287327	-0.01064506	-0.06423961	-0.06343249	0.04424994	-0.026484018	-0.019203788	-0.06387018
0.20464665	-0.35950363	-0.39462742	0.36576712	0.34078112	-0.30313173	-0.26560917	0.38682833	0.33353534	0.33801094	0.39036667	0.38093665	-0.3496471	-0.27924985	-0.40384212	0.38536957
0.008472001	0.023218984	0.06864353	0.0019331687	-0.05044757	0.06882983	0.0062987753	-0.0091965115	0.006030122	-0.0126113705	-0.06777224	-0.052079268	0.047679584	0.0124125285	0.0072883284	-0.036600366
0.13041683	-0.11449226	-0.15412311	0.15859562	0.094814874	-0.12566848	-0.12352672	0.10145475	0.13228764	0.09312676	0.0800672	0.14666632	-0.09534615	-0.13861822	-0.16282322	0.080921136
-0.3177265	0.6166047	0.50557804	-0.6303505	-0.5785239	0.5470947	0.45066214	-0.55678093	-0.50860065	-0.49666727	-0.599016	-0.5921239	0.60621125	0.48399013	0.7188171	-0.59988797
-0.12221196	0.23978938	0.23116218	-0.25394514	-0.28850502	0.21234131	0.27218118	-0.2750652	-0.20593709	-0.27926055	-0.2043649	-0.27830902	0.30302247	0.2320765	0.2786498	-0.21979912
-0.1845822	0.25911355	0.19544964	-0.21657129	-0.18124509	0.21647175	0.14594357	-0.23997942	-0.17631482	-0.20184624	-0.2531352	-0.18705411	0.19500409	0.15472585	0.27306816	-0.20034057
-0.04312584	0.14262708	0.15271628	-0.1505502	-0.13713604	0.13977697	0.13977285	-0.14226	-0.1510131	-0.17357121	-0.187077	-0.16551854	0.18943629	0.1494483	0.20649521	-0.14781637
-0.39706534	0.7228301	0.62419987	-0.6729142	-0.71882963	0.6251631	0.60471195	-0.65721244	-0.62566924	-0.575054	-0.6324641	-0.7558131	0.71276337	0.5522343	0.8456742	-0.70478094
-0.29574388	0.6123302	0.5281595	-0.5931573	-0.53340346	0.494433	0.46779093	-0.5648943	-0.5568125	-0.53539973	-0.5744045	-0.56185555	0.5348595	0.46818197	0.68214744	-0.5586096
-0.05521491	0.029606706	-0.005229204	-0.025333302	-0.019479597	-0.0062452774	0.011691796	-0.020220025	-0.05013404	0.017149972	-0.016243298	0.012544282	0.042392284	-0.015325675	0.022862563	-0.06396746
0.276623	-0.29487312	-0.3053123	0.34161445	0.25136703	-0.24504627	-0.26312768	0.3256501	0.31984764	0.25025043	0.3279405	0.39907396	-0.35555267	-0.26856244	-0.3540476	0.25829998
0.35274348	-0.5886383	-0.5151575	0.4997724	0.5291355	-0.47923654	-0.43036857	0.45709795	0.5275027	0.49557528	0.46088696	0.5510425	-0.5406855	-0.47185194	-0.5230975	0.5135375
-0.1077854	0.21536177	0.16721147	-0.23420335	-0.23463492	0.19503483	0.22542794	-0.18650019	-0.18846998	-0.19024909	-0.18580222	-0.24195713	0.16515674	0.16960593	0.25075024	-0.21850692
-0.10704426	0.3761824	0.33054635	-0.2917011	-0.3579591	0.281475	0.28737697	-0.34625527	-0.324218	-0.23961857	-0.32467425	-0.37488383	0.30652532	0.28169766	0.39022663	-0.31694463
0.017001146	0.08493612	0.014151968	-0.08981206	-0.07457833	0.042959392	0.046818346	-0.05695075	-0.056404613	-0.009355196	-0.027703697	-0.036082696	0.104202464	0.05519028	0.06450618	-0.1093531
-0.054076873	0.047481716	0.087858945	-0.11828866	-0.13405791	0.0982314	0.100256644	-0.05944503	-0.08987946	-0.052010562	-0.11148673	-0.106899306	0.062249802	0.120637484	0.13329294	-0.12688246
-0.111844525	0.2558014	0.20606677	-0.25854522	-0.29104945	0.24302447	0.25826922	-0.21792582	-0.28521883	-0.26516342	-0.25973684	-0.26999623	0.26657143	0.19206235	0.2851813	-0.22706106
0.04784233	-0.04382652	-0.031227985	0.041335076	0.092407614	-0.056436144	-0.012420568	0.08745498	0.02011049	0.035007644	0.113934	0.09306702	-0.04671367	-0.022420492	-0.08837928	0.016243123
0.025327936	-0.023112785	-0.06112114	0.032581933	0.021311741	0.035585374	-0.0066846786	0.047110878	0.036021072	0.015133566	-0.014856688	0.003077821	-0.021485507	-0.017434673	-0.024418928	0.02344888
0.0894755	-0.092173874	-0.07523024	0.0751864	0.061923414	-0.09473603	-0.11158551	0.085709505	0.07505859	0.08056482	0.06686826	0.08696794	-0.11492251	-0.034400232	-0.13965975	0.05326199
0.22701377	-0.4031951	-0.4086653	0.45039538	0.40426132	-0.4386756	-0.3435341	0.45268086	0.3676645	0.37129253	0.38603547	0.43927106	-0.40309727	-0.37877038	-0.48246792	0.37643307
-0.34692857	0.7370307	0.6349454	-0.7419267	-0.7016792	0.6211141	0.59215575	-0.7124374	-0.6533066	-0.68981665	-0.6609198	-0.75774103	0.6869939	0.595895	0.83489305	-0.71996707
-0.256956	0.47663158	0.44688043	-0.43641412	-0.45329463	0.46002197	0.40316033	-0.4841682	-0.4790788	-0.3976429	-0.4293206	-0.46626627	0.45832652	0.44131398	0.47633645	-0.4343282
0.103972055	-0.26344824	-0.2093533	0.21841517	0.1569808	-0.1377539	-0.19904669	0.18871143	0.17265189	0.15867184	0.18223232	0.21401815	-0.21126625	-0.13314636	-0.22006842	0.23102784
-0.003116291	-0.07568363	-0.0084578935	0.039158486	0.011002969	-0.009356619	0.038829535	0.035946093	0.049852565	-0.0251922	0.034139454	0.064980105	-0.035649326	-0.032022115	-0.008361882	0.049639463
-0.1251488	0.1202	0.07722971	-0.12313384	-0.09522859	0.095690936	0.13466984	-0.07692891	-0.15883096	-0.13624404	-0.121362366	-0.08410007	0.13551977	0.088496394	0.1450319	-0.07114898
-0.37607107	0.94603646	0.8135674	-0.81294	-0.79580253	0.753229	0.66181254	-0.8151026	-0.77338046	-0.69859904	-0.8367273	-0.9153597	0.89017856	0.6404691	1.0134829	-0.78178227
0.08781119	-0.13614161	-0.11293335	0.08504896	0.10215801	-0.05183461	-0.042125866	0.06300288	0.037551336	0.11714163	0.08152931	0.07591803	-0.062160533	-0.097384185	-0.07752347	0.10213485
0.0877426	-0.12157705	-0.11529667	0.11948842	0.10958136	-0.11407889	-0.057964284	0.028507575	0.05573711	0.06661414	0.07764567	0.054080646	-0.0927993	-0.04229696	-0.06690642	0.048460305
-0.30903372	0.84245443	0.6975444	-0.7569282	-0.7686474	0.72412837	0.6516948	-0.8334425	-0.7123499	-0.68631536	-0.8256633	-0.88244355	0.8390506	0.6811575	0.9199971	-0.74000925
-0.1680312	0.38744792	0.28349116	-0.32970178	-0.35179302	0.31105518	0.2743724	-0.30916488	-0.26803514	-0.29556668	-0.34494522	-0.32077095	0.29019222	0.2744465	0.3953658	-0.28000864
-0.36759782	0.6896631	0.55295783	-0.6384372	-0.6792898	0.5573554	0.4992397	-0.6331243	-0.6315902	-0.54019856	-0.570422	-0.73265064	0.5847303	0.5711831	0.7532857	-0.66011244
-0.2991798	0.65721625	0.5631262	-0.586363	-0.63671696	0.54828835	0.5101585	-0.577495	-0.5305755	-0.5412371	-0.56200886	-0.65377	0.6389936	0.5144262	0.660689	-0.59452516
-0.29032588	0.53588426	0.48611876	-0.5082937	-0.48463574	0.4745825	0.39928403	-0.48741627	-0.51379156	-0.49777743	-0.49399984	-0.5191988	0.55586267	0.45330918	0.5822566	-0.5152411
0.31128785	-0.5167089	-0.4447536	0.44019976	0.49232915	-0.40673095	-0.34508225	0.47414	0.39692134	0.43296206	0.4298835	0.47239038	-0.4665004	-0.38965055	-0.56417733	0.48472553
0.27434692	-0.39660877	-0.43722612	0.3770943	0.3696953	-0.4260781	-0.36067498	0.38683572	0.37177938	0.41552287	0.4040607	0.47679144	-0.4246576	-0.33895138	-0.5179977	0.40650892
-0.036759738	0.057341393	0.07253776	-0.050027493	-0.100492135	0.02697047	0.076684654	-0.030733055	-0.10194848	-0.032415245	-0.05444783	-0.07102409	0.04832849	0.06379685	0.10889369	-0.012697335
-0.060525954	0.1426783	0.09389674	-0.10349446	-0.17131948	0.08660118	0.07315927	-0.14716361	-0.13846673	-0.11613478	-0.18657911	-0.10629328	0.10436672	0.083712034	0.15195101	-0.165477
0.16111158	-0.16842468	-0.090521805	0.18111077	0.11171558	-0.12544388	-0.120364465	0.13817316	0.12493323	0.17790015	0.176061	0.14174484	-0.105085686	-0.07896107	-0.21828562	0.14384994
-0.21506985	0.4194627	0.42629594	-0.4120192	-0.43680617	0.36991277	0.34890506	-0.43482798	-0.42220697	-0.38486412	-0.44236666	-0.47153708	0.43294373	0.4062249	0.4797827	-0.44666058
-0.15708494	0.34848186	0.33059457	-0.39207873	-0.35151964	0.2802081	0.25630403	-0.3525598	-0.35482123	-0.26682273	-0.37402308	-0.39559904	0.38496006	0.28397614	0.4233149	-0.33567
0.2916482	-0.51029277	-0.439534	0.45149243	0.4346066	-0.3862757	-0.39454317	0.45295596	0.43727544	0.42479196	0.4619908	0.50165725	-0.4865059	-0.45136493	-0.50172997	0.4195813
-0.27244464	0.46778074	0.38358355	-0.39919296	-0.4148882	0.3792893	0.40281236	-0.35905543	-0.37561053	-0.40923926	-0.4219598	-0.48777542	0.4289287	0.38397467	0.462488	-0.37386808
0.37126392	-0.5892968	-0.54486614	0.5215464	0.5107123	-0.487115	-0.42696658	0.54887503	0.51275307	0.49668792	0.4996337	0.5526892	-0.522001	-0.45119557	-0.6662764	0.50050193
-0.47227874	0.8927129	0.75681657	-0.7739008	-0.8345112	0.7660405	0.6566856	-0.719661	-0.7801145	-0.72640526	-0.81062996	-0.8956522	0.7742872	0.59820294	0.88391584	-0.722327
0.10538101	-0.1453867	-0.16465497	0.16139944	0.1947752	-0.13622843	-0.098232575	0.1413955	0.12931508	0.11753462	0.1625046	0.16857071	-0.17034283	-0.18277569	-0.19446994	0.12148309
0.060286123	-0.08291442	-0.02734863	0.027795054	0.020835018	-0.05670145	-0.010854512	0.06178426	0.0011252163	0.04485182	0.004673739	0.0069475183	-0.047440924	0.019942995	-0.03291258	-0.002004315
-0.26321366	0.6396579	0.55886143	-0.5505471	-0.56530696	0.5566351	0.5011755	-0.5458688	-0.4927732	-0.51276165	-0.5157833	-0.6297711	0.61499673	0.44234264	0.69111353	-0.5201024
0.078220524	-0.14112705	-0.10631511	0.10945007	0.1931115	-0.09403315	-0.13648443	0.10674748	0.105608225	0.10356323	0.095025145	0.12470661	-0.1384952	-0.1707723	-0.14587833	0.16893081
-0.0027796852	0.031102924	0.061277606	-0.08897558	-0.07432646	0.052481845	0.043895222	-0.06324976	-0.04010819	-0.06408351	-0.00029798044	-0.06376273	0.01621429	-0.014795975	-0.011999975	-0.057049144
-0.0019940967	0.053058546	0.101178855	-0.036118302	-0.098602496	0.060970925	0.062214702	-0.040457297	-0.09129757	-0.07664855	-0.07888267	-0.05155593	0.100656144	0.015689548	0.019930866	-0.08248784
0.21931341	-0.3136156	-0.28461626	0.35452974	0.33010766	-0.30747998	-0.3106201	0.2957968	0.3164905	0.25749412	0.30942133	0.38350984	-0.285999	-0.32186627	-0.378865	0.31062448
0.14818764	-0.3716713	-0.34066486	0.32207385	0.3474415	-0.31658876	-0.30696052	0.2727347	0.33849412	0.24973823	0.31844068	0.31371439	-0.34045357	-0.2814861	-0.31124836	0.27654052
-0.2357768	0.39236137	0.36992446	-0.3908639	-0.3348248	0.30431017	0.26875004	-0.34141123	-0.3472289	-0.31775123	-0.34825978	-0.418538	0.4035681	0.27450135	0.4241433	-0.2974002
-0.19651186	0.52952826	0.38239568	-0.48014033	-0.4257452	0.3875052	0.38312468	-0.45118418	-0.43164408	-0.4243116	-0.4020946	-0.46020493	0.4685492	0.35868296	0.4837836	-0.38749155
0.078006536	-0.09388587	-0.073297806	0.077532806	0.10983975	-0.08548819	-0.05723453	0.16194044	0.12862705	0.06226948	0.12037414	0.13518868	-0.096619986	-0.054096937	-0.15196434	0.08517103
-0.047087733	0.18437667	0.25491178	-0.17538296	-0.23561434	0.25238737	0.19314127	-0.18296939	-0.16809303	-0.17055935	-0.2338601	-0.23241302	0.24867879	0.15210727	0.24235995	-0.2013984
0.00032160745	0.14787541	0.1695335	-0.13584094	-0.10161475	0.07248375	0.12330803	-0.07482946	-0.12508297	-0.14951622	-0.13531153	-0.106125265	0.09013862	0.107594125	0.10573325	-0.07656749
-0.2030812	0.4214855	0.4387268	-0.40741715	-0.47573006	0.35449752	0.3330087	-0.45884818	-0.40824214	-0.42001283	-0.4409283	-0.47312072	0.41334432	0.33015823	0.43517622	-0.4613104
-0.20448224	0.43603915	0.45017645	-0.40432045	-0.46747693	0.37581217	0.33837083	-0.47201034	-0.46233848	-0.40363622	-0.44875684	-0.51547325	0.41396368	0.34959108	0.5158408	-0.45886996
-0.23287614	0.52998817	0.5132978	-0.4947326	-0.55731785	0.5388708	0.4619869	-0.5297923	-0.54110825	-0.4402202	-0.51282585	-0.62221307	0.548322	0.46498212	0.5943852	-0.5654508
0.26137513	-0.363373	-0.35490385	0.35056967	0.34268522	-0.38185	-0.33931166	0.34584656	0.33250466	0.29207948	0.36944252	0.34873012	-0.36631975	-0.27160567	-0.42096537	0.29540482
-0.16489466	0.33991146	0.3015891	-0.2763137	-0.36466777	0.33413583	0.23968117	-0.3341694	-0.33338737	-0.32433754	-0.34066218	-0.3650428	0.34666267	0.26831347	0.37293574	-0.34348977
0.044055287	0.0843116	0.12900679	-0.07769346	-0.15222465	0.1280019	0.13118042	-0.05311594	-0.11137314	-0.11561869	-0.12187358	-0.13001527	0.06447358	0.05647825	0.15849644	-0.08170049
-0.06034725	0.13582015	0.16192985	-0.1240788	-0.21186431	0.18352853	0.13740098	-0.15661986	-0.13256387	-0.13457185	-0.13622153	-0.15844198	0.11327453	0.18976004	0.16579187	-0.20937747
0.058920983	0.019736364	0.048726592	-0.011305229	-0.015672754	0.0460355	-0.04325007	0.002276473	-0.012606277	0.001438018	-0.0463987	0.024047088	0.0032119448	0.002446991	0.025513766	-0.036326293
-0.20744035	0.4867106	0.40354866	-0.3917414	-0.38999313	0.38888845	0.3766966	-0.44753098	-0.368483	-0.36529934	-0.39798164	-0.47316685	0.41150868	0.33429006	0.44903764	-0.44635105
0.11987879	-0.28224203	-0.1646017	0.23830265	0.2395745	-0.2222026	-0.18439922	0.1871914	0.17609626	0.21357538	0.25162214	0.27884895	-0.20980051	-0.16404843	-0.29425684	0.23943429
0.113661624	-0.17194946	-0.16843586	0.16373114	0.12121164	-0.18157636	-0.18008551	0.19962887	0.13179186	0.16713141	0.1838663	0.13752052	-0.14254029	-0.1256459	-0.17428495	0.18810022
0.092635654	-0.14643548	-0.109877296	0.12135985	0.19674647	-0.14135243	-0.12776144	0.1711937	0.16512237	0.10334355	0.15380663	0.22002281	-0.18367328	-0.15915903	-0.15578505	0.14311562
-0.38181368	0.6259236	0.579657	-0.5667048	-0.5472562	0.5083194	0.5169689	-0.5718993	-0.5293219	-0.5091941	-0.5779922	-0.65748155	0.5934984	0.5262315	0.7085689	-0.5894558
0.34769163	-0.6915989	-0.57122624	0.6895435	0.61551076	-0.55604106	-0.53112346	0.5801931	0.5746817	0.5398841	0.59176224	0.7274635	-0.59469616	-0.55755466	-0.7383954	0.63066334
0.24492645	-0.42301092	-0.3346573	0.38842645	0.4335978	-0.35888925	-0.36363903	0.38052285	0.41101283	0.34991795	0.4432452	0.5070841	-0.45316768	-0.32253003	-0.50922596	0.38674337
0.17522849	-0.29033902	-0.18450968	0.28644127	0.27284026	-0.17227788	-0.22941707	0.22821392	0.27018893	0.23735715	0.25628594	0.291524	-0.2409169	-0.2373373	-0.3172947	0.22527303
-0.21175751	0.50523204	0.44736964	-0.5370616	-0.4879659	0.5110893	0.39354882	-0.48806825	-0.45529994	-0.47112638	-0.436288	-0.5346122	0.5079459	0.45691296	0.55319834	-0.45662004
0.30693275	-0.36738867	-0.38486192	0.35659364	0.40205815	-0.37251586	-0.3252025	0.34828898	0.40032122	0.38295984	0.4101052	0.39527932	-0.41174963	-0.32044747	-0.45519102	0.40429384
-0.10763331	0.23927094	0.21609586	-0.298222	-0.29901537	0.2057141	0.18381351	-0.2711024	-0.27990317	-0.19943808	-0.27369714	-0.22737652	0.2579874	0.23299626	0.27784377	-0.27410513
-0.22929311	0.4851067	0.40274253	-0.42072648	-0.40547162	0.32821676	0.34555066	-0.42278135	-0.3612535	-0.36830536	-0.42146757	-0.45131135	0.38503045	0.37321812	0.49894843	-0.39757627
-0.16528824	0.32464904	0.19944979	-0.24829458	-0.3198288	0.24928014	0.17928125	-0.30214846	-0.24950884	-0.21325125	-0.23190892	-0.24757913	0.24309926	0.20848021	0.35318092	-0.24840909
0.10340975	-0.0637634	-0.08091408	0.062439736	0.06471797	-0.13109042	-0.1079898	0.12938829	0.072215885	0.07435878	0.124633096	0.12906387	-0.13117914	-0.05893231	-0.085230984	0.08676593
-0.4450468	0.7809714	0.695293	-0.7325659	-0.7407608	0.68752974	0.6122091	-0.6711809	-0.7170317	-0.63898605	-0.6668631	-0.7869158	0.6773378	0.6279016	0.7894054	-0.70840776
0.09140691	-0.16885348	-0.14115123	0.20058484	0.111868374	-0.18276484	-0.13121332	0.19156344	0.1295917	0.12767875	0.15826353	0.18139818	-0.110485554	-0.117162816	-0.2105901	0.13524257
0.16648503	-0.2311683	-0.24312486	0.21869387	0.19626907	-0.23654597	-0.23461665	0.24754208	0.23698905	0.18700707	0.22827151	0.2895231	-0.26009387	-0.23353103	-0.24190517	0.21637546
-0.06511086	0.10459902	0.11552604	-0.10286918	-0.093694694	0.14493734	0.10059373	-0.17268002	-0.16065522	-0.1743623	-0.14089765	-0.11732501	0.1670212	0.15686274	0.12390345	-0.17363338
-0.38574743	0.7538393	0.66128045	-0.75795805	-0.73423374	0.66260535	0.530027	-0.69683474	-0.65648115	-0.61598796	-0.75256014	-0.822566	0.741984	0.5679676	0.8876795	-0.6908049
-0.0849787	0.22536944	0.12674311	-0.21843651	-0.21070157	0.14375141	0.18077941	-0.15234439	-0.18779017	-0.20130897	-0.16051917	-0.18374874	0.21455666	0.19626121	0.21647818	-0.22777677
0.29860434	-0.49028942	-0.51413375	0.4513885	0.48179296	-0.49352646	-0.45115563	0.5070131	0.50658834	0.49475107	0.47882527	0.5363218	-0.46374643	-0.41778323	-0.5234152	0.5319079
0.23567028	-0.30231857	-0.33846217	0.29873407	0.3066803	-0.27649403	-0.3191596	0.33499599	0.36144713	0.24973725	0.3104237	0.3189504	-0.27836224	-0.29280105	-0.3749121	0.3082305
-0.057925604	0.060175575	0.031069808	-0.0015099129	-0.07552825	0.0033626277	-0.0005766469	0.02177008	0.006589282	-0.026995033	0.019746076	0.032948863	-0.015808446	0.0054308693	0.06616967	0.036536157
-0.035712577	0.11643015	0.09679414	-0.14498812	-0.11755379	0.093194865	0.12703583	-0.06032452	-0.13628642	-0.065509684	-0.15440132	-0.086120054	0.13809197	0.06537629	0.14627132	-0.12046453
0.03671244	0.07446101	0.078844674	0.0057433797	-0.02919038	0.0804724	0.027086629	-0.027441824	-0.085433364	0.0017036246	-0.061909933	-0.025459368	0.03306494	0.06289536	0.07417959	-0.046983957
0.105278686	-0.1800721	-0.114008486	0.08321804	0.14583088	-0.14257924	-0.10338894	0.1616229	0.13025229	0.118343815	0.07827251	0.12240685	-0.13566077	-0.10032141	-0.1885786	0.17332646
-0.13981406	0.39970475	0.32583672	-0.43606693	-0.38737744	0.37167528	0.31492063	-0.34295028	-0.38590896	-0.35039493	-0.41455004	-0.4016057	0.39182204	0.29720825	0.4561154	-0.43350393
0.03066133	-0.033632655	-0.042453796	0.10364672	0.08176979	-0.007516211	-0.002509625	0.0085035525	0.022670439	0.05545684	0.0061877873	0.09927995	-0.022607695	-0.038790338	-0.1061164	0.040594447
-0.14209308	0.31480566	0.23854956	-0.26776674	-0.32916594	0.31791982	0.24713202	-0.3219587	-0.28045982	-0.23520046	-0.3213689	-0.32301167	0.29279825	0.25218257	0.3928138	-0.276393
0.12494144	-0.18918847	-0.180093	0.18702605	0.12564969	-0.17492872	-0.124792375	0.17456412	0.20155293	0.1050674	0.19886568	0.21591975	-0.20776755	-0.14044236	-0.25647193	0.15374282
0.07741161	-0.23335811	-0.15586413	0.1782082	0.1765282	-0.13882194	-0.12966847	0.1844891	0.23412278	0.14918368	0.19288309	0.18407008	-0.15219794	-0.1893388	-0.18352234	0.17608657
-0.1580413	0.44780606	0.38860014	-0.38398844	-0.4120546	0.4000133	0.38520348	-0.3839004	-0.33541203	-0.34493887	-0.41649106	-0.45600697	0.37415728	0.31353867	0.43789464	-0.37490323
-0.11891157	0.16237353	0.16101038	-0.21269295	-0.1430213	0.12860039	0.18735564	-0.121488534	-0.13662854	-0.18187076	-0.18738697	-0.21322344	0.1400459	0.12703502	0.16080143	-0.14095342
-0.3603233	0.7011047	0.5822061	-0.65421134	-0.67800003	0.60810244	0.488205	-0.66375446	-0.6162984	-0.5545423	-0.67649364	-0.6898162	0.70701545	0.5507725	0.7360017	-0.5751832
0.35724714	-0.64028245	-0.48531377	0.5254089	0.54350454	-0.5233313	-0.4272966	0.5823164	0.5376483	0.47775352	0.49075574	0.62624425	-0.5760973	-0.47743317	-0.5869668	0.520404
-0.097984836	0.18539348	0.16914538	-0.14530446	-0.16964412	0.16413933	0.117642425	-0.19947293	-0.19121537	-0.17149904	-0.17174216	-0.21305539	0.21388416	0.09814654	0.20035554	-0.18643856
0.014112887	-0.042697366	0.040012166	0.031424936	0.048817683	-0.0139699	-0.03327496	0.05798854	0.034651853	0.028391218	-0.0005766344	-0.025073439	-0.0093042115	0.017763589	-0.007578895	0.0063574277
-0.03539588	0.20935087	0.19444364	-0.19184667	-0.12646161	0.18809904	0.14913338	-0.1374802	-0.14795057	-0.11474268	-0.13586801	-0.20134868	0.19738291	0.12070972	0.17634098	-0.17283638
0.0802886	-0.054661937	-0.10909151	0.046905432	0.114884205	-0.029525857	-0.05889407	0.0969464	0.10539828	0.019322064	0.033692505	0.064627565	-0.07605591	-0.053854275	-0.11559887	0.03842723
-0.2044696	0.4181306	0.32908812	-0.32826513	-0.33899948	0.3238664	0.29237416	-0.29896098	-0.35318625	-0.3250387	-0.37965572	-0.34694365	0.34692302	0.30892763	0.35751235	-0.30413574
-0.26061025	0.7102323	0.5909836	-0.6811846	-0.6123784	0.5630123	0.4938247	-0.61352175	-0.5781	-0.5597574	-0.6035599	-0.73443556	0.6315855	0.53243595	0.76860607	-0.6276978
-0.20350896	0.39825815	0.31588125	-0.39730415	-0.33529043	0.31173423	0.2853321	-0.3341098	-0.35783076	-0.33184463	-0.31675655	-0.39751533	0.34126753	0.31990328	0.4448993	-0.31319103
0.2977198	-0.45067543	-0.40987033	0.37685212	0.37222812	-0.33603573	-0.32198048	0.40695018	0.355632	0.3206851	0.3725003	0.41522664	-0.4113336	-0.35265055	-0.3939634	0.38225377
0.1688263	-0.21196036	-0.25255433	0.24523827	0.16950625	-0.24069768	-0.20009845	0.24090947	0.20212485	0.2199378	0.23803034	0.24966104	-0.24797902	-0.13928302	-0.27387655	0.2424962
-0.08839928	0.012774457	0.01000793	0.017785668	-0.0068662735	0.004208293	0.034763265	-0.022201015	0.0029189987	0.005708333	-0.02641034	-0.01990932	-0.01837995	0.024571093	-0.049840458	-0.010546711
-0.033443272	0.00074924366	0.023686992	0.039310157	-0.039057907	0.010425353	-0.013032525	-0.0526287	0.03220217	-0.025848739	0.017238129	0.010025154	0.005845413	-0.048383765	-0.025014058	-0.0358452
0.2719383	-0.44780108	-0.39461133	0.42090252	0.45650503	-0.37138456	-0.3298099	0.427213	0.3917775	0.38484573	0.41448674	0.529447	-0.43215415	-0.38675708	-0.52334267	0.4458083
-0.08092973	0.07307495	0.057463877	-0.03172509	-0.09942306	0.096201405	0.040579475	-0.011730869	-0.089149624	-0.08998363	-0.033691023	-0.046882425	0.039634198	0.08503178	0.009738348	-0.09326059
-0.14543308	0.3510535	0.3448298	-0.365759	-0.32534084	0.29744613	0.30230013	-0.30994728	-0.34265688	-0.33047196	-0.35858998	-0.4249371	0.40424758	0.24483298	0.3993639	-0.3144141
0.19790274	-0.3728739	-0.33131042	0.36627102	0.37755883	-0.32516733	-0.28820363	0.33140707	0.3241013	0.27782628	0.36902028	0.3509926	-0.31489003	-0.2641461	-0.32481086	0.30772156
0.24200282	-0.46050107	-0.38055903	0.43473315	0.3814167	-0.42203006	-0.4009157	0.39327306	0.35356736	0.3376353	0.42163038	0.41766316	-0.4800194	-0.3966959	-0.5271904	0.3697133
0.30078122	-0.5400258	-0.4569368	0.50648355	0.5476418	-0.48606688	-0.43906295	0.49062607	0.5060974	0.4812909	0.5214738	0.580719	-0.54031646	-0.45021728	-0.5468802	0.5025563
0.060118373	-0.1921612	-0.109172836	0.11640728	0.13294856	-0.103514366	-0.1077605	0.10475677	0.113272965	0.06888596	0.099722795	0.12331025	-0.17892435	-0.063541226	-0.13193816	0.120165385
0.2774846	-0.5068156	-0.51011866	0.4855192	0.46354926	-0.44400215	-0.38813314	0.42248175	0.48525894	0.42313194	0.51515365	0.50637573	-0.48879042	-0.39042917	-0.5549172	0.46920073
-0.34955013	0.72141093	0.61914426	-0.6368182	-0.654263	0.5887643	0.5539567	-0.6218483	-0.5673338	-0.5527603	-0.56051284	-0.67386913	0.58612984	0.5474817	0.71616334	-0.5810512
0.094484925	-0.047126904	-0.07238816	0.033942897	0.09616273	-0.059846714	-0.05496291	0.069968335	0.07150455	0.0040171384	0.009478394	0.0990906	-0.082711264	-0.06882852	-0.026920196	0.01791271
0.39034146	-0.68967414	-0.5790652	0.6029043	0.547663	-0.5345997	-0.5051585	0.6123368	0.60258543	0.5556922	0.56033206	0.69073564	-0.6282456	-0.47872627	-0.69294727	0.6153992
-0.11938278	0.3376228	0.25949866	-0.3444177	-0.31525016	0.2710173	0.29806653	-0.28398082	-0.29562542	-0.22637239	-0.2924595	-0.28843713	0.30676386	0.24324614	0.2859448	-0.2586051
0.2593374	-0.3797421	-0.38036743	0.4117343	0.3754794	-0.35831046	-0.30980137	0.34053656	0.4113013	0.37462962	0.3928387	0.43622836	-0.38101023	-0.3269211	-0.42385432	0.39738202
-0.29396003	0.5270192	0.40998274	-0.5111748	-0.5001973	0.44116208	0.43427312	-0.46872553	-0.495859	-0.43277138	-0.43112847	-0.576248	0.47556752	0.38006836	0.51190394	-0.5175418
-0.18390216	0.19162801	0.16459931	-0.24672624	-0.17963886	0.16550967	0.20221496	-0.23328248	-0.22931398	-0.19557948	-0.17491442	-0.17870833	0.20020053	0.22119126	0.27709523	-0.20705798
0.066841654	-0.03989362	-0.12690027	0.05421755	0.041968547	-0.12479176	-0.057544343	0.061758894	0.038512472	0.044814248	0.11605531	0.14465882	-0.12848446	-0.09878706	-0.08260444	0.06439685
-0.23345439	0.5846893	0.4563073	-0.48961815	-0.51508635	0.46232575	0.42864427	-0.45808133	-0.4774719	-0.49918702	-0.5553368	-0.61279386	0.48420775	0.38828707	0.6110257	-0.5130636
0.11505632	-0.094730355	-0.12572959	0.077109754	0.05864393	-0.09280172	-0.021163527	0.09578366	0.103002906	0.07768305	0.1009062	0.08640642	-0.09999007	-0.015987799	-0.08875174	0.12717162
0.11744187	-0.24239914	-0.18621306	0.17049958	0.19224676	-0.20853624	-0.13803253	0.22200075	0.18627681	0.13215967	0.13873789	0.16681243	-0.2305787	-0.18291797	-0.19309603	0.12505797
-0.26783866	0.6686424	0.60149294	-0.61177856	-0.59536916	0.5204542	0.53139484	-0.6269572	-0.57863235	-0.53444177	-0.54468995	-0.6895345	0.5989204	0.45510465	0.685084	-0.5830179
0.017017629	0.08813232	0.088279024	-0.041156452	-0.07057325	0.06471758	0.030085225	-0.07152454	-0.009473338	-0.08197905	-0.041244965	-0.0029569983	0.03454893	0.07153049	0.005917331	-0.0824724
-0.1289945	0.35336906	0.34575796	-0.3360789	-0.35696507	0.3508612	0.28932935	-0.27225363	-0.27685523	-0.25402725	-0.32458913	-0.39230224	0.35162064	0.24919055	0.36251134	-0.27669922
-0.047704715	0.15566568	0.19107912	-0.1189317	-0.19922164	0.10970013	0.13354501	-0.13092984	-0.16918933	-0.13793077	-0.16205582	-0.15270196	0.17979437	0.16547236	0.21782501	-0.11103088
-0.019981833	-0.010536916	-0.037511036	-0.031140566	0.0009581993	-0.010712589	-0.023879405	-0.023551384	0.042318627	-0.012762422	-0.0338681	0.06515166	-0.02796869	0.0035721124	0.032914188	-0.030464623
0.1039744	-0.06940861	-0.07035698	0.028064704	0.10628427	-0.03709967	-0.01751017	0.06099592	0.021694927	0.018926058	0.033448398	0.088495016	-0.013974369	-0.07371919	-0.040909022	0.013248543
0.0853026	-0.17215614	-0.119354	0.1133247	0.1572562	-0.12429744	-0.13001432	0.118912734	0.2121759	0.16017951	0.14699058	0.2270127	-0.18655711	-0.13770886	-0.15942848	0.13524541
-0.22321703	0.514042	0.38012654	-0.48307022	-0.49321547	0.42403963	0.39147902	-0.44984952	-0.46597105	-0.4099046	-0.42837712	-0.44710577	0.47212502	0.3407893	0.486079	-0.3836311
-0.086334474	0.095405184	0.03838234	-0.055093445	-0.095849656	0.04075981	0.09452603	-0.046291575	-0.059350606	-0.08436781	-0.069282755	-0.061787836	0.105368845	0.0948178	0.117643885	-0.10018449
0.1104111	-0.13053384	-0.1700522	0.17890899	0.17453763	-0.1746407	-0.11887545	0.16291492	0.13334787	0.17053796	0.16056705	0.15234528	-0.18346092	-0.08819566	-0.2004723	0.1610568
-0.12570255	0.45499635	0.33957398	-0.38258106	-0.36550096	0.34969804	0.2635441	-0.45193234	-0.37814063	-0.38137105	-0.39475238	-0.49255913	0.46654975	0.3270919	0.4808296	-0.36801153
-0.13841374	0.3437134	0.3133327	-0.32072106	-0.27445808	0.29727194	0.2600497	-0.26972154	-0.2863192	-0.28517482	-0.23715685	-0.29448947	0.32078916	0.26579848	0.3690461	-0.31332815
0.25864133	-0.42499793	-0.41046572	0.37661895	0.42691854	-0.40513283	-0.37119678	0.35021317	0.38762373	0.3371519	0.40994456	0.4437885	-0.43427828	-0.3400966	-0.4575068	0.34432945
0.09326152	-0.12951061	-0.09606416	0.17784213	0.1460748	-0.1679607	-0.1623607	0.11750124	0.17929229	0.16286272	0.1063091	0.15559031	-0.19240338	-0.10535152	-0.1988002	0.11211264
0.03812766	0.005146659	0.05575821	-0.03349043	0.031076308	0.05571255	-0.0049741603	-0.05216869	0.008239468	-0.044526707	-0.018975412	0.01778819	-0.03801232	0.013815052	-0.0056084776	0.015654124
0.14006524	-0.21927327	-0.1960433	0.1897184	0.13331936	-0.16651051	-0.17906573	0.12109887	0.19631316	0.15565504	0.1804287	0.21943812	-0.18663909	-0.20519085	-0.23780909	0.15470584
-0.002165924	0.033423938	0.0058812033	-0.0624716	0.026550498	0.032977477	0.032375094	0.024800401	0.029266644	0.0025832984	0.0053755376	-0.00018438918	0.0041459934	0.030533373	-0.01964002	-0.06464357
-0.18987183	0.3477795	0.25467727	-0.3199655	-0.33138236	0.3157227	0.26301032	-0.25297967	-0.23913768	-0.2983965	-0.29245025	-0.35653847	0.32912162	0.2586259	0.35268793	-0.29054376
-0.21635386	0.20975278	0.2695453	-0.216972	-0.22765718	0.21528785	0.18865578	-0.2140139	-0.20440526	-0.2488749	-0.23244122	-0.25497016	0.2288711	0.20712759	0.24884424	-0.28479844
-0.19468318	0.41678864	0.40600392	-0.4197731	-0.45386362	0.3892364	0.3136988	-0.39420432	-0.4473523	-0.41187727	-0.3799241	-0.42610157	0.479492	0.3336988	0.5311779	-0.46460965
0.05803278	-0.16917625	-0.17933124	0.17322876	0.10604298	-0.08108201	-0.15817128	0.14720899	0.17763461	0.07915356	0.13780475	0.17284721	-0.113268934	-0.15492207	-0.20495485	0.16069743
-0.34681144	0.64424765	0.5113053	-0.6068719	-0.6140115	0.5574733	0.4888863	-0.579914	-0.51757556	-0.57235956	-0.60726094	-0.68955845	0.5775997	0.5170946	0.6565371	-0.6040954
-0.36695573	0.67851555	0.5772105	-0.5997535	-0.64348924	0.54429734	0.49491856	-0.6014394	-0.6024993	-0.4845731	-0.58844435	-0.670268	0.5968867	0.4954988	0.6663996	-0.5637507
-0.23296708	0.558158	0.52315223	-0.49457383	-0.4898396	0.42219022	0.3868256	-0.5143782	-0.46982574	-0.41801837	-0.48204798	-0.56114995	0.56328064	0.37370372	0.5968439	-0.51830983
-0.1481188	0.34015062	0.37449843	-0.3723807	-0.38095397	0.30185872	0.34087276	-0.30366772	-0.3112261	-0.2776278	-0.38861588	-0.39064884	0.3655884	0.3082469	0.3743526	-0.2994696
-0.31421798	0.628858	0.5748539	-0.6259597	-0.6069475	0.51746756	0.45885187	-0.58786136	-0.5841836	-0.48133224	-0.5332072	-0.6977854	0.53989136	0.478532	0.7154778	-0.5010418
-0.37024444	0.74349254	0.6264413	-0.7278772	-0.6638168	0.5925	0.58463985	-0.6430185	-0.6572377	-0.573888	-0.6338461	-0.7257389	0.7298168	0.51358473	0.8108966	-0.698442
0.012997231	-0.02938528	-0.001803499	-0.019377308	0.005396878	0.05321263	-0.013525232	0.022427527	-0.050804645	-0.04937391	-0.024195218	0.029472733	-0.017474458	-0.024594605	-0.0152472835	-0.0075134696
0.16180928	-0.26667538	-0.23946741	0.28751817	0.20517011	-0.19977362	-0.16393198	0.24284302	0.27913484	0.20584911	0.25392735	0.24035826	-0.2542994	-0.19276604	-0.23746592	0.2339879
0.07780357	-0.2207489	-0.19989969	0.17283228	0.17830627	-0.20147148	-0.14300837	0.23865812	0.17801659	0.22667657	0.17303444	0.21894608	-0.2212702	-0.16937388	-0.25847465	0.24389602
-0.19503	0.336873	0.35124865	-0.3882121	-0.33921257	0.29543743	0.32714722	-0.32017037	-0.29885054	-0.27725103	-0.31907848	-0.32199907	0.3255174	0.24798618	0.32917765	-0.36006668
-0.19359335	0.55881524	0.45455816	-0.48964575	-0.52932566	0.49977705	0.3679896	-0.47063142	-0.43815306	-0.42941856	-0.44106996	-0.55866057	0.4975039	0.35157	0.63798183	-0.52224386
0.081846304	-0.14889018	-0.08596363	0.11757553	0.083336145	-0.140591	-0.076592185	0.15580933	0.11175285	0.049925104	0.13595867	0.1787149	-0.13278165	-0.061858643	-0.13273548	0.09975028
-0.2495194	0.6023963	0.57360536	-0.590338	-0.5965829	0.5597851	0.4597896	-0.58295006	-0.51000303	-0.50009334	-0.57549405	-0.65026295	0.5791798	0.44957134	0.63789976	-0.5619332
-0.1615529	0.28965524	0.19434027	-0.24432115	-0.25216278	0.22812718	0.23261495	-0.20681731	-0.24134569	-0.21225159	-0.2243555	-0.2731285	0.25447473	0.2361793	0.28704157	-0.18831412
-0.34617823	0.5275358	0.44951165	-0.4487463	-0.4400181	0.4619489	0.39873672	-0.4303433	-0.40358865	-0.44194087	-0.38484704	-0.48991856	0.5003541	0.3719943	0.49987394	-0.44880113
-0.1873569	0.43459737	0.38445115	-0.3337031	-0.35165688	0.37346944	0.3205326	-0.3529341	-0.30835187	-0.31932715	-0.40585268	-0.45129532	0.43096334	0.27908587	0.44765368	-0.3984663
-0.006942114	0.033891812	0.04307917	-0.04905699	-0.051689956	0.12629543	0.051313277	-0.07751803	-0.057613578	-0.079665095	-0.116333395	-0.11890092	0.03562769	0.09375218	0.124537155	-0.095320106
-0.116749234	0.26602823	0.27879786	-0.2715943	-0.24486916	0.22486211	0.23650795	-0.2823597	-0.29219225	-0.23332499	-0.26209468	-0.26220706	0.29403454	0.24676286	0.24596722	-0.29137623
0.15437174	-0.37487018	-0.3318537	0.3055069	0.33366856	-0.280161	-0.2698443	0.33963174	0.27437449	0.24612114	0.3029021	0.31731588	-0.3566639	-0.2333492	-0.34306368	0.26861417
0.19039002	-0.27715236	-0.25390482	0.27988252	0.23990843	-0.23416518	-0.252592	0.29541308	0.27176526	0.24728182	0.23317568	0.27647582	-0.29619035	-0.23649858	-0.30338663	0.33212256
0.08881972	-0.19845374	-0.16115384	0.15056217	0.19262421	-0.12940569	-0.18221736	0.10813703	0.15893993	0.108151525	0.16276164	0.20845753	-0.17880122	-0.1210414	-0.11993555	0.123486824
-0.03345323	0.096205644	0.050412815	-0.046611488	-0.085783705	0.14215738	0.12604502	-0.0927765	-0.09547392	-0.13423829	-0.09078821	-0.10114828	0.0865029	0.052127518	0.15017462	-0.036021058
0.21250546	-0.36727276	-0.34272647	0.34697202	0.32087067	-0.35023582	-0.30176562	0.30577755	0.29662773	0.314008	0.28976464	0.38747188	-0.3118341	-0.24700671	-0.38661176	0.29434192
-0.35347992	0.6390122	0.6098097	-0.6597793	-0.6573088	0.5149004	0.47755957	-0.57153565	-0.5595121	-0.5551173	-0.6482762	-0.63081515	0.6378943	0.5081043	0.715925	-0.60978705
0.0552121	-0.118688114	-0.07215511	0.040791806	0.115968145	-0.078904636	-0.096649	0.11289624	0.06504394	0.06975523	0.06471967	0.080019705	-0.03884253	-0.03670054	-0.11450138	0.03238282
0.07717104	-0.056875292	-0.04562165	0.028585248	-0.012896269	-0.03889212	-0.0039373753	-0.00023487271	-0.010877917	0.026995992	0.07631295	0.0501559	0.0100725405	0.015695	-0.010151694	-0.00021114072
0.00013466924	0.08539131	0.013209975	-0.09705215	-0.07820571	0.063421555	0.018395524	-0.03097942	-0.049815685	-0.053320426	-0.058825713	-0.03870599	0.051382024	0.019146502	0.030257018	-0.08855
-0.07549836	0.080325186	0.107036084	-0.08037718	-0.13212404	0.13508458	0.0939946	-0.0853012	-0.12864433	-0.09603765	-0.09151165	-0.13671511	0.04934678	0.1073479	0.0677465	-0.107236825
0.27518508	-0.5665611	-0.44828275	0.51651293	0.45382768	-0.45476583	-0.4515544	0.5030423	0.47607392	0.4833112	0.4324358	0.47977653	-0.44142762	-0.38554257	-0.56616056	0.45137972
-0.21621622	0.35572556	0.28083965	-0.2594656	-0.34951577	0.23092803	0.29386392	-0.2611273	-0.3078722	-0.25212118	-0.29343897	-0.31306025	0.3308086	0.26562345	0.37016183	-0.30689284
0.12381722	-0.17246854	-0.13101955	0.18362923	0.18110488	-0.11590436	-0.14702982	0.14469174	0.122937374	0.09110468	0.1474034	0.15236698	-0.12691405	-0.10910264	-0.18471871	0.17236118
-0.175772	0.39795724	0.35807034	-0.3136114	-0.33257866	0.28583357	0.31159115	-0.28443882	-0.33125517	-0.3288642	-0.33116868	-0.32664388	0.30035514	0.3231274	0.41492382	-0.29494864
0.14028268	-0.28868893	-0.18923478	0.21239696	0.18816592	-0.25075307	-0.15446727	0.19636619	0.16788821	0.18263339	0.18471229	0.24959786	-0.24430245	-0.14426643	-0.24636361	0.22933213
0.014502233	-0.018696835	0.040029857	-0.020587193	0.01634174	-0.037185177	0.024963373	-0.017655514	0.0037456	-0.037355028	0.018258847	-0.032548737	-0.004332022	0.0011067358	0.002133205	-0.03921557
0.0363277	0.00050009455	-0.047849145	0.03050417	0.07092975	-0.019924387	0.012792906	0.012951701	-0.0144451745	0.07262478	0.055826195	0.06180013	-0.02310637	-0.015051534	-0.03094873	0.07433194
-0.011070312	-0.10745998	-0.023830507	0.05731394	0.010803711	-0.019151444	-0.011656965	0.060888063	0.045239907	0.08858998	0.09477697	0.034074083	-0.047041945	-0.021707883	-0.060986225	0.047304235
0.17449112	-0.30813318	-0.23641324	0.22825655	0.24580874	-0.22021422	-0.25527632	0.22778404	0.2446914	0.19294271	0.26574558	0.30421185	-0.26997918	-0.17487681	-0.30901325	0.27466106
0.08243619	-0.11314009	-0.097369134	0.14317794	0.16925593	-0.11818773	-0.12566933	0.11015284	0.12661003	0.10568687	0.10663796	0.14380917	-0.09696284	-0.14751132	-0.13306782	0.123235516
-0.018416665	0.09655135	0.06256923	-0.027287662	-0.08112826	0.09256355	0.04281333	-0.015718061	-0.047311258	-0.070746936	-0.07520656	-0.0058633676	0.06241859	0.0769246	0.027041407	-0.10020414
0.09739519	-0.24985895	-0.2316071	0.20022322	0.23741172	-0.164516	-0.15669803	0.2303955	0.24773352	0.21000695	0.20726123	0.27088776	-0.29501086	-0.20776446	-0.2711341	0.19647603
-0.20301807	0.33389297	0.27508602	-0.3046592	-0.35711825	0.2645348	0.29463434	-0.37089914	-0.26644814	-0.24445136	-0.3005649	-0.42406628	0.3715781	0.28645894	0.45064595	-0.3426764
-0.09838074	0.22756852	0.2561847	-0.19141747	-0.2560689	0.19648658	0.2191019	-0.21071045	-0.20574777	-0.26543692	-0.2609511	-0.23228236	0.23427933	0.16362634	0.30047396	-0.2537292
-0.046466358	0.03581724	-0.011696688	0.0051760087	-0.0037598824	-0.02299074	0.00046988303	0.029489275	-0.062293414	0.010443663	0.012058609	-0.04336227	0.0055894554	0.043248516	0.0140410075	-0.026038168
0.035109352	0.012259497	-0.019718569	-0.005801114	-0.04904959	-0.019448001	0.06178066	-0.053204257	-0.046330262	-0.05891428	-0.065904796	0.012807604	0.0062991753	0.049906015	0.073613	-0.016209623
-0.10140801	0.3681202	0.32543936	-0.2977281	-0.31771997	0.2503691	0.26369676	-0.28628838	-0.33211502	-0.29929864	-0.28374767	-0.3505958	0.3489178	0.21610788	0.33186033	-0.29919687
-0.037544448	0.08639299	0.05166379	-0.072830826	-0.089879	0.08780047	0.08708335	-0.059931464	-0.10101225	-0.07741606	-0.07380709	-0.09085611	0.11845932	0.06550377	0.1123046	-0.07005348
-0.33803037	0.6189231	0.50654286	-0.51448524	-0.5758371	0.50096804	0.48284495	-0.49494663	-0.52678865	-0.52877086	-0.50345725	-0.63381535	0.51704067	0.42220443	0.64586586	-0.50324374
0.12511756	-0.19594361	-0.14835948	0.18889058	0.20158878	-0.1497647	-0.12140827	0.116931334	0.12302104	0.15990569	0.20273055	0.20774715	-0.1956449	-0.17252778	-0.18982343	0.1975404
-0.09028438	0.13064447	0.09942129	-0.103276506	-0.15477972	0.13507631	0.079933465	-0.12641701	-0.09835197	-0.16708072	-0.1273246	-0.153635	0.108518235	0.06885586	0.18233769	-0.18105343
-0.28988138	0.560858	0.49654984	-0.47663766	-0.45241687	0.50948554	0.4759453	-0.45521942	-0.51108897	-0.4754074	-0.48362055	-0.58214974	0.5110929	0.37465632	0.561186	-0.49801868
-0.029605472	0.073744245	0.014648834	-0.0480339	-0.031148853	0.019298976	0.019261526	-0.014097488	-0.055897187	-0.088094726	-0.07519134	0.010405254	0.06880738	0.005855001	0.059851628	-0.08918699
-0.17259976	0.30617082	0.24518302	-0.29567623	-0.3206301	0.2658432	0.24472731	-0.29670137	-0.3085234	-0.2360933	-0.25539044	-0.2997375	0.23399152	0.18294834	0.24547385	-0.21461959
0.09332057	-0.32830298	-0.33620545	0.35240793	0.28607354	-0.29371056	-0.21879585	0.33953226	0.32306063	0.28942034	0.3288514	0.31352726	-0.3152903	-0.28312021	-0.35147342	0.27346107
-0.16271669	0.42753142	0.3506692	-0.482285	-0.4715195	0.41012612	0.38752276	-0.45419696	-0.40385032	-0.36773258	-0.40071815	-0.49565372	0.44878066	0.3616477	0.533174	-0.4157216
-0.011191528	0.06938731	0.0914739	-0.09897155	-0.14909028	0.10408911	0.13246734	-0.06571133	-0.121739686	-0.07393492	-0.0501927	-0.1202373	0.075778656	0.07893048	0.14634317	-0.14955786
0.14358577	-0.22845365	-0.18634327	0.2547191	0.23991705	-0.25790843	-0.16934012	0.26442325	0.27188882	0.22966684	0.19484526	0.24751872	-0.22837514	-0.25769427	-0.23163629	0.2354441
-0.15187337	0.24566157	0.23295489	-0.25437728	-0.26311347	0.2883909	0.19478273	-0.31923386	-0.27725652	-0.27395338	-0.24974357	-0.33477458	0.2830142	0.22985674	0.2813273	-0.2776298
-0.25271764	0.4961687	0.512131	-0.47354504	-0.5202398	0.45723018	0.43546245	-0.50654745	-0.46623808	-0.48749486	-0.52685153	-0.5609334	0.5524637	0.43790242	0.5759621	-0.5163617
-0.09262789	0.2022888	0.20880146	-0.2488407	-0.17899147	0.23470257	0.22719437	-0.21417406	-0.26824087	-0.24104498	-0.26916602	-0.24443528	0.27701023	0.18436018	0.23645104	-0.17986387
-0.09243348	0.30325586	0.26250094	-0.30162954	-0.27091813	0.20672628	0.2100061	-0.27028817	-0.19609721	-0.27734244	-0.26244652	-0.28945825	0.28239012	0.1741365	0.3186703	-0.29947302
-0.022054564	0.07737164	0.07997262	-0.120775126	-0.08779385	0.14476259	0.12844028	-0.09878749	-0.093197756	-0.09556734	-0.09115776	-0.11948294	0.116235495	0.096455455	0.07800317	-0.065687336
0.27411905	-0.5534179	-0.486407	0.53931665	0.49144652	-0.4499173	-0.44334826	0.49245393	0.51225346	0.43952143	0.5232217	0.6163519	-0.52606124	-0.48124674	-0.62642175	0.47349384
0.11037855	-0.2948819	-0.21216506	0.253729	0.20896946	-0.16573124	-0.18915895	0.20034717	0.25134152	0.2428568	0.22698696	0.22772494	-0.23444341	-0.22311866	-0.2762021	0.25804093
0.026636345	-0.023751888	-0.024466973	0.05336074	0.0039355336	0.009525171	-0.037220832	0.063275605	0.035625573	-0.0122297015	-0.003896975	0.06828614	-0.031608306	-0.040493563	0.0042743175	0.023284579
-0.03930467	0.06396645	0.08721016	-0.08430402	-0.054797914	0.1038649	0.039104763	-0.08001874	-0.04247665	-0.0683855	-0.078817435	-0.15149021	0.13048871	0.095939815	0.12992595	-0.089446746
-0.2838252	0.57036906	0.5235807	-0.5362395	-0.4726005	0.50329655	0.3739197	-0.48798016	-0.44282928	-0.48270252	-0.4729481	-0.56126356	0.49728373	0.43260634	0.61135906	-0.47746345
-0.15478148	0.2625893	0.25579283	-0.32156378	-0.31893468	0.28518078	0.24385327	-0.2781509	-0.31230557	-0.2899354	-0.22502269	-0.25429186	0.2386956	0.22747009	0.25752696	-0.3111064
-0.3159231	0.5839508	0.4724668	-0.6206452	-0.52225983	0.50945604	0.44207796	-0.5169928	-0.5147372	-0.5032818	-0.5344889	-0.5982434	0.57095945	0.47545698	0.633699	-0.5386398
-0.34786037	0.480264	0.43797484	-0.4576908	-0.47959372	0.45090395	0.43312198	-0.4998485	-0.42825195	-0.44085866	-0.4180339	-0.5550714	0.49742085	0.4160437	0.5451874	-0.47246537
-0.22576629	0.34723854	0.2720316	-0.32330993	-0.34542832	0.33264583	0.2541147	-0.27470636	-0.32459655	-0.26818585	-0.32496327	-0.37147945	0.33503693	0.29687408	0.36372662	-0.30657393
-0.06756607	0.11116995	0.06735026	-0.034695443	-0.063606426	0.103386134	0.029382775	-0.090418145	-0.104162715	-0.09817602	-0.041302048	-0.07098161	0.11845744	0.08423244	0.06387977	-0.12357963
-0.13877837	0.29724318	0.313327	-0.2940022	-0.3502003	0.30910248	0.28578007	-0.32480338	-0.26697433	-0.27092803	-0.30236253	-0.36437908	0.30975077	0.24947098	0.33118743	-0.34524092
-0.23923603	0.6505743	0.5765971	-0.62433016	-0.5923688	0.47114968	0.45550364	-0.54927135	-0.51998156	-0.5028304	-0.5659416	-0.644801	0.53566426	0.46207637	0.6322252	-0.547379
-0.050463308	0.041245293	0.02091209	-0.067273766	-0.03915253	0.07716858	0.07003168	-0.05228593	-0.037060507	0.020382918	-0.012657402	-0.05303256	-0.022700014	0.02946021	0.078573965	0.023367444
-0.045488507	0.115718015	0.08494537	-0.09405371	-0.09156117	0.12009071	0.12522964	-0.05765988	-0.07987516	-0.10286276	-0.0872852	-0.15973276	0.09685884	0.07045818	0.13171366	-0.102391005
-0.120180845	0.22918949	0.19315346	-0.20270185	-0.24039602	0.20431685	0.23577096	-0.27618697	-0.23909459	-0.24795344	-0.24064942	-0.27280223	0.2610238	0.23134686	0.30085948	-0.2674934
-0.12403949	0.21983108	0.141955	-0.16782902	-0.20302238	0.14233537	0.17287278	-0.167776	-0.13189116	-0.1179668	-0.11687805	-0.17066763	0.19513515	0.1714079	0.17063554	-0.19683099
0.1709782	-0.28930363	-0.22563165	0.21803999	0.28028536	-0.23117979	-0.24289583	0.24495383	0.2683058	0.28774828	0.26813543	0.30595493	-0.29221264	-0.2554822	-0.29372427	0.26224953
0.15378536	-0.27360713	-0.3094921	0.29830182	0.2853967	-0.28776416	-0.24392962	0.3003416	0.31706798	0.22654645	0.23970172	0.36171535	-0.3251734	-0.24102771	-0.3888225	0.32536823
0.19690283	-0.22882053	-0.22248703	0.2700162	0.20872985	-0.21531574	-0.23286246	0.24024653	0.22442365	0.20103785	0.2526945	0.29103515	-0.24256955	-0.15898845	-0.30690864	0.18787949
0.11759165	-0.11787537	-0.070290856	0.13768613	0.09834514	-0.14551541	-0.14743978	0.10452785	0.14812563	0.07464866	0.08811503	0.10997939	-0.13783592	-0.1333676	-0.13974985	0.13514905
0.093148984	-0.105305135	-0.088718	0.15221258	0.16238652	-0.11040066	-0.10748818	0.15351702	0.068005785	0.12985626	0.12957291	0.14473967	-0.11949774	-0.119495235	-0.16237953	0.13413364
-0.0043690624	-0.14812529	-0.10457522	0.088418454	0.09701699	-0.06083647	-0.09396492	0.088917576	0.060649686	0.10818537	0.078730546	0.08261659	-0.11267522	-0.12960415	-0.12101461	0.12068629
0.017999733	0.1029875	0.048808973	-0.09272169	-0.07117412	0.05709648	0.06305919	-0.094834074	-0.04583818	-0.07278814	-0.08103809	-0.107677124	0.035754394	0.05510162	0.10866626	-0.06419576
-0.105184056	0.30451116	0.20902333	-0.30141464	-0.29098523	0.18565066	0.21321176	-0.3018996	-0.2234344	-0.21154839	-0.21598738	-0.31596643	0.30061778	0.21323839	0.30848637	-0.22967185
-0.09324524	0.24015696	0.18731095	-0.24763933	-0.19318873	0.1499145	0.20688921	-0.18982944	-0.23833202	-0.19997649	-0.17041834	-0.15305257	0.20935388	0.15314564	0.18610588	-0.22111161
0.06946686	-0.08136761	-0.12978502	0.06490287	0.05312191	-0.08059952	-0.08990862	0.10341366	0.08044708	0.09223031	0.09047958	0.14790423	-0.12093799	-0.0846367	-0.07462125	0.1163663
-0.19527303	0.23963644	0.24606718	-0.22488683	-0.31619182	0.27259544	0.19408809	-0.21103983	-0.27512753	-0.28188258	-0.2682926	-0.27627644	0.30807325	0.2467523	0.31001288	-0.25836548
0.23326704	-0.29107285	-0.30815426	0.2757924	0.27817035	-0.26649126	-0.2788229	0.3014972	0.33743066	0.27273574	0.26803654	0.35444936	-0.3731552	-0.25491437	-0.40687636	0.32737163
0.17317387	-0.31389287	-0.28017175	0.32753137	0.2976684	-0.23499511	-0.2801737	0.24065758	0.28817758	0.29679906	0.24428277	0.34252346	-0.2642721	-0.23806556	-0.28477082	0.23760086
0.14765376	-0.2482466	-0.209241	0.25336778	0.2426503	-0.2593893	-0.232965	0.21501675	0.23140448	0.25936735	0.24596606	0.22120054	-0.2730231	-0.22241484	-0.28380063	0.20869349
0.10747773	-0.12596518	-0.13870135	0.12574215	0.15512958	-0.06580276	-0.14534557	0.14043039	0.12307457	0.10738052	0.0848375	0.12064341	-0.14694425	-0.15399112	-0.095368676	0.07924771
-0.15829235	0.24436107	0.24231517	-0.27398226	-0.25560105	0.17957696	0.2222648	-0.20336324	-0.24689364	-0.23333728	-0.25991705	-0.264999	0.2502814	0.23686785	0.25578344	-0.25723946
0.08976589	-0.28569424	-0.27137968	0.25662908	0.25073504	-0.20021836	-0.22484519	0.23572461	0.22193351	0.23682497	0.25761166	0.26147678	-0.20450187	-0.17370428	-0.27917996	0.21496852
-0.14584059	0.30493352	0.2958859	-0.24513449	-0.2796577	0.24890913	0.2621933	-0.23051558	-0.2655699	-0.22206184	-0.28472534	-0.30978915	0.33404022	0.19912678	0.34469253	-0.29938528
0.014079172	-0.10960956	-0.04590295	0.03511351	0.04127559	-0.060739644	-0.015667828	0.095794104	0.07046889	0.023673277	0.0693265	0.066292785	-0.036136664	-0.07799446	-0.08655329	0.081008404
0.04619357	-0.10709171	-0.11344002	0.08928654	0.08870908	-0.017914983	-0.025061497	0.034132548	0.09826111	0.074062705	0.067138724	0.043002836	-0.072785996	-0.027549326	-0.10774358	0.064904556
0.02634469	-0.065331474	-0.025107238	-0.004647251	0.081429146	-0.043354165	-0.006131702	0.012983953	0.060801085	0.03025902	0.047757477	0.011449298	0.006790048	-0.043931764	-0.04505106	0.07077768
0.1150068	-0.1624547	-0.12994757	0.21307562	0.1955797	-0.15877773	-0.1511455	0.12520608	0.12429281	0.14936386	0.20409703	0.19758864	-0.14157535	-0.16923214	-0.21055259	0.18370607
0.011434228	0.059058987	0.04722143	-0.00017285235	-0.0256832	0.042937607	0.01814666	-0.043377496	-0.029319366	0.020029701	-0.020666314	0.0017864187	0.0014081162	0.034694865	-0.027499046	0.0037650452
-0.2754816	0.5405202	0.46518183	-0.4292468	-0.4893096	0.40723538	0.43252334	-0.4304498	-0.45967335	-0.38195214	-0.45933548	-0.5023435	0.49866167	0.36906406	0.543626	-0.45027563
0.14643386	-0.014282599	-0.070915736	0.01769023	0.05943864	-0.0367162	-0.018030621	0.08659912	0.040082976	0.016000487	0.044915743	0.066863775	-0.037239123	-0.067598715	-0.044949595	0.0132779
0.017973496	0.02921788	0.020702278	-0.10926894	-0.065614946	0.048860967	0.011889964	-0.041812774	-0.030042693	-0.078426	-0.07746641	-0.048048	0.04772914	0.0001547095	0.0667799	-0.009966193
0.024693575	-0.15575095	-0.16689612	0.21154778	0.20218053	-0.16904922	-0.11300446	0.17090695	0.15561244	0.11311364	0.18641253	0.15191735	-0.18799147	-0.15523647	-0.23095115	0.15335469
0.10161612	-0.14447384	-0.098736875	0.10372869	0.16562562	-0.12575181	-0.16772124	0.17461362	0.07609218	0.14410868	0.14705919	0.19135074	-0.15989523	-0.0830879	-0.1297559	0.10627297
-0.30233532	0.5689467	0.51320046	-0.50323945	-0.55897075	0.5227602	0.4362823	-0.5037631	-0.5339301	-0.47123018	-0.5310183	-0.6181387	0.54605216	0.42241052	0.6140882	-0.5212183
0.035186082	0.06318577	0.020927174	-0.02033343	-0.05993344	0.06456168	0.062287096	0.008976687	-0.0047478173	0.017738996	-0.055436194	-0.027169276	0.02147621	0.027386338	0.04588807	-0.011836302
-0.26454213	0.49389482	0.37862107	-0.44994664	-0.50810903	0.38032126	0.4284058	-0.47851786	-0.46819383	-0.3873381	-0.40978247	-0.5349209	0.48472905	0.36351883	0.51021385	-0.4632357
0.01640219	-0.052177776	-0.09302586	0.036041	0.06781738	-0.07137754	-0.09170627	0.021742597	0.00873619	0.08472079	0.05657456	0.083525635	-0.10151003	-0.042316582	-0.038250666	0.03904459
0.0955954	-0.14500712	-0.14720118	0.15339294	0.08890964	-0.10090729	-0.086532526	0.11713456	0.17985825	0.08344257	0.1399796	0.1484431	-0.14192826	-0.12528487	-0.14918399	0.15110856
-0.23054224	0.5098605	0.48328558	-0.43643788	-0.48671815	0.39678472	0.35524774	-0.47000778	-0.45344582	-0.42996556	-0.45983618	-0.5516006	0.49727494	0.3928177	0.59571105	-0.49236152
0.010402138	-0.00018708916	0.00080924336	-0.025509201	-0.024367731	0.0730065	0.0048194025	-0.007849478	0.0008726176	-0.08229594	0.008122572	-0.0063608293	-0.0043971487	0.027702514	0.080818176	-0.074433215
0.14500305	-0.23714073	-0.25910184	0.21938473	0.16142015	-0.20474358	-0.22429734	0.21265742	0.19096833	0.16753419	0.21580036	0.28961173	-0.19629703	-0.20698996	-0.21740612	0.24209154
-0.10070868	0.19212678	0.19140656	-0.14062329	-0.16175449	0.19091137	0.1382092	-0.17443147	-0.15379356	-0.12726179	-0.21084763	-0.184021	0.1441836	0.14260204	0.20985876	-0.15879875
0.034589842	-0.1135058	-0.03152838	0.10474417	0.07633176	-0.048673287	-0.07920365	0.063808136	0.038661096	0.048989993	0.054096222	0.08705393	-0.05325741	-0.039560482	-0.032688666	0.026147898
0.0741103	-0.16567954	-0.13217	0.09778857	0.063381985	-0.1534883	-0.09962864	0.085731536	0.17132585	0.16574764	0.15375839	0.13232778	-0.101334915	-0.11420473	-0.15821862	0.10515344
-0.058203008	0.027548257	-0.014531766	0.00016343695	-0.06490958	0.034121037	0.020722218	0.00850267	-0.0386379	-0.022598851	0.00862972	-0.014786039	-0.010782499	0.07009599	0.02441951	-0.03480972
-0.043170575	0.06400373	0.11712652	-0.07065261	-0.08786326	0.10784161	0.018796433	-0.0758518	-0.07423114	-0.020828145	-0.049797352	-0.038758654	0.037776858	0.012979271	0.07046528	-0.088012844
0.11530736	-0.1618287	-0.06868828	0.14949545	0.15174355	-0.10240459	-0.14400993	0.09296422	0.12526886	0.13437898	0.082217924	0.14601621	-0.09858538	-0.14270495	-0.096437424	0.105387464
0.008430572	0.060045753	0.031441014	-0.05710401	-0.026625996	0.006415566	0.07334034	-0.011448672	-0.076549724	-0.091325335	-0.06985921	-0.06980264	0.09946233	0.09014728	0.061386738	-0.048882358
-0.03336715	0.101147786	0.07028018	-0.033632476	-0.100494	0.06773173	0.072884604	-0.07752015	-0.0329628	-0.012020469	-0.019284382	-0.056640536	0.09835955	0.0037511215	0.10166645	-0.049032662
-0.19463894	0.47831964	0.4256064	-0.4783866	-0.44518358	0.42962915	0.37894097	-0.46007243	-0.47226867	-0.39877063	-0.4804109	-0.5159675	0.52405965	0.37962872	0.5516951	-0.47306982
0.01923703	0.028092118	0.052295137	-0.07142803	-0.011736264	0.07299893	0.0108685065	-0.08603708	-0.04767377	-0.038033444	-0.032734323	-0.012700072	0.014950762	0.05006868	0.055218223	-0.018638963
-0.14947592	0.20226614	0.18335693	-0.23219031	-0.23403531	0.15625797	0.20513833	-0.22488488	-0.24637614	-0.21061032	-0.25046793	-0.24075165	0.24667445	0.17944941	0.25666833	-0.17621005
0.048892166	-0.14353147	-0.15263332	0.11079241	0.18951848	-0.1264706	-0.11853815	0.17114255	0.13431439	0.101225175	0.17087404	0.2333676	-0.16771019	-0.1399511	-0.16624069	0.16331707
0.122359686	-0.29369777	-0.21079297	0.2582407	0.2916835	-0.2578447	-0.24932675	0.29562944	0.2991855	0.19597235	0.22349988	0.28036287	-0.2880608	-0.1826236	-0.31417292	0.26907167
0.17665091	-0.21994819	-0.19607359	0.1593613	0.19798207	-0.20599283	-0.13640347	0.17984118	0.13117245	0.19103394	0.18079819	0.21014531	-0.2044071	-0.12181502	-0.15110621	0.18419102
-0.23468216	0.57585317	0.44732568	-0.45376903	-0.52062905	0.40746266	0.40710577	-0.48355702	-0.4899582	-0.39807382	-0.4570848	-0.49829718	0.4531815	0.36521634	0.5664971	-0.44842803
-0.1306583	0.21580514	0.19909069	-0.16704965	-0.23017965	0.15542337	0.1679822	-0.20542465	-0.14397699	-0.1565524	-0.12883951	-0.18918961	0.20328538	0.12530814	0.2209682	-0.21238638
0.20432763	-0.42875475	-0.41512972	0.39254707	0.3506784	-0.32754192	-0.3225604	0.35298526	0.3302364	0.31040847	0.4136856	0.3889952	-0.34559852	-0.309415	-0.3814208	0.34142807
0.16512416	-0.39518848	-0.35991716	0.44607946	0.37638643	-0.36518145	-0.2897874	0.365774	0.35349715	0.32160974	0.35776174	0.41415986	-0.40800738	-0.31023735	-0.47692657	0.39263648
0.123342976	-0.11550632	-0.1094259	0.15910096	0.1640143	-0.120085515	-0.13819544	0.09321088	0.17792663	0.17214943	0.18288898	0.13383625	-0.13395442	-0.119895324	-0.12918735	0.15297073
0.20862812	-0.41608366	-0.34827104	0.42159534	0.41875294	-0.3398191	-0.3071405	0.3660826	0.3382115	0.31770504	0.38924697	0.36903524	-0.37546098	-0.32475698	-0.43539476	0.3951663
-0.15806907	0.1913512	0.14421041	-0.20498678	-0.23241189	0.20541334	0.23092476	-0.20600535	-0.2281031	-0.20147577	-0.1623031	-0.16950057	0.20765178	0.17685938	0.20271175	-0.22099057
-0.3081274	0.57212734	0.45580488	-0.5441121	-0.5071211	0.46845704	0.41553015	-0.4694607	-0.51019347	-0.43298456	-0.44871715	-0.53850543	0.5471617	0.4463368	0.54345214	-0.4676213
-0.07981139	0.18651147	0.19182684	-0.18878053	-0.14043611	0.1686571	0.119102195	-0.12629937	-0.13103876	-0.11097767	-0.12351581	-0.18257631	0.14345849	0.10422183	0.22265348	-0.14392862
-0.07730572	0.19045325	0.18387432	-0.16611083	-0.20395541	0.1703195	0.17913736	-0.24524045	-0.1923146	-0.17751642	-0.2141204	-0.23677678	0.18577741	0.18701309	0.27478424	-0.17560181
-0.011972359	0.12862685	0.1122157	-0.087793805	-0.06402695	0.054814417	0.080473	-0.08316722	-0.034061532	-0.11167122	-0.05758429	-0.0485192	0.120120175	0.055636585	0.08966598	-0.10179637
-0.0028304954	0.00057419285	0.017208666	0.037850894	0.03010847	0.0024873174	-0.023838917	0.027134132	0.005396655	0.03292733	0.007114125	0.012476241	-0.07127484	0.030096319	-0.050905053	0.03730785
-0.10095014	0.17945805	0.14250664	-0.17384918	-0.1980723	0.20651323	0.17824748	-0.14730929	-0.156291	-0.12925808	-0.20385292	-0.2345649	0.20759502	0.121534035	0.2560087	-0.17339908
0.29893517	-0.5104595	-0.39935568	0.41796803	0.44562092	-0.37988278	-0.4033171	0.45649147	0.39984757	0.44348273	0.39727747	0.4267953	-0.48352182	-0.41564286	-0.44458225	0.43716985
0.19565065	-0.28968236	-0.2979021	0.257838	0.3122413	-0.296773	-0.20013118	0.32618344	0.32738164	0.25342724	0.25806746	0.26333675	-0.2729552	-0.2797506	-0.28508914	0.32148945
-0.23865552	0.564623	0.48959684	-0.57664144	-0.53768	0.44752592	0.48380607	-0.51136065	-0.51395667	-0.42250815	-0.5625378	-0.613273	0.5153497	0.44682196	0.6165431	-0.55133426
0.16107804	-0.20943618	-0.24573074	0.2199525	0.1671206	-0.20981662	-0.15705264	0.15841691	0.15754655	0.16687301	0.24304822	0.17594951	-0.20547546	-0.1833027	-0.27739096	0.22650841
-0.049816642	0.13645457	0.11558107	-0.0947586	-0.15863208	0.07787702	0.12327055	-0.15813276	-0.07888056	-0.10099749	-0.15506956	-0.17037554	0.13216044	0.11343887	0.124809526	-0.09655439
-0.2723522	0.4529566	0.4470248	-0.4472733	-0.46309483	0.42612997	0.42404896	-0.40478086	-0.4372622	-0.39682454	-0.47151995	-0.5232175	0.4633578	0.39154854	0.5367891	-0.47525987
0.028562466	-0.022114612	-0.024042595	0.012269079	0.053879153	-0.018365294	-0.015476836	0.02003792	0.011753367	0.04459349	0.043780122	0.048370067	-0.08845032	-0.012050191	-0.0891019	0.019952407
0.009492734	0.10504619	0.10527608	-0.03272232	-0.08870779	0.09857802	0.013864523	-0.01368004	-0.068707354	-0.06786195	-0.10014772	-0.09853457	0.033164687	0.024199387	0.09547139	-0.098939925
-0.22488435	0.40862206	0.3848261	-0.3681316	-0.40396625	0.4114756	0.38711727	-0.43757114	-0.3801747	-0.40221533	-0.35927823	-0.45121047	0.37861654	0.29770404	0.46979272	-0.34695292
0.13096538	-0.13932246	-0.101580456	0.16461453	0.09654633	-0.1456489	-0.1541253	0.14135475	0.10736668	0.13894331	0.13298173	0.16716152	-0.07935657	-0.14005554	-0.18677434	0.14751329
-0.11257814	0.1091741	0.14920925	-0.113734685	-0.13993715	0.15622236	0.11082243	-0.10992667	-0.13557468	-0.14300516	-0.13493077	-0.185668	0.102921404	0.16537352	0.11829709	-0.15587355
-0.017039232	0.03294289	0.041198816	0.010396803	-0.02095225	0.0068647745	0.008909904	0.00566781	-0.020609591	0.0071301307	-0.025561662	0.038393218	0.02945747	0.052330066	-0.0010474578	-0.060457002
0.13595587	-0.14351359	-0.15742841	0.18501596	0.15972644	-0.13791548	-0.1386704	0.11596017	0.10243006	0.084421426	0.16485074	0.16710599	-0.17450897	-0.0974451	-0.13874538	0.09126613
0.11773715	-0.14994495	-0.13491638	0.15484382	0.16214846	-0.08936861	-0.13794339	0.15165776	0.08418686	0.054391604	0.14207159	0.10454245	-0.10903626	-0.12748648	-0.121839784	0.11691468
-0.108014524	0.23232748	0.26924464	-0.25254714	-0.22276089	0.23334332	0.22814594	-0.24312924	-0.2601242	-0.19737333	-0.21933647	-0.2552338	0.22941904	0.23035799	0.26073903	-0.27892357
0.21387368	-0.30993107	-0.3212747	0.28599802	0.30907437	-0.2832731	-0.27750924	0.2932416	0.25757328	0.28306386	0.32074144	0.27743906	-0.26405835	-0.27382812	-0.27817643	0.2898997
-0.031743392	0.03882021	0.06172587	-0.080683485	-0.049948405	0.00025823148	0.059653398	0.002000227	-0.030984746	-0.07340882	0.0016436281	0.0005564586	0.01374291	0.037683055	0.085251845	-0.012544453
0.0418104	-0.16572116	-0.13879175	0.1815728	0.1563119	-0.1456731	-0.12733823	0.11856003	0.18033846	0.15351221	0.1615884	0.15032798	-0.17165524	-0.17902009	-0.17037854	0.14078718
-0.12675983	0.31540853	0.2857483	-0.34492752	-0.28914967	0.2567791	0.27795717	-0.33200112	-0.30812922	-0.2391989	-0.33076724	-0.37403303	0.3318993	0.21068545	0.38066873	-0.32955563
0.051811952	0.063680455	0.04344675	-0.063980356	0.007126485	-0.031554814	-0.0035653014	-0.057307906	-0.052634522	-0.04828694	-0.011945255	-0.044375833	-0.0036105283	-0.018196836	-0.014794307	-0.014664408
-0.05169477	0.22246942	0.16256261	-0.2171745	-0.118712425	0.15272954	0.17843209	-0.2139921	-0.10936734	-0.11243147	-0.21606547	-0.20070636	0.1693857	0.16185917	0.1548515	-0.120559745
-0.14962274	0.47106138	0.37801668	-0.46389621	-0.44922745	0.42271048	0.31767812	-0.4080076	-0.42789903	-0.3364543	-0.4442686	-0.52160996	0.4608523	0.3141171	0.5176723	-0.45201778
0.12304111	-0.14528279	-0.1659384	0.12702315	0.18975747	-0.13930756	-0.13621567	0.18090367	0.15810826	0.13927613	0.2042067	0.15014696	-0.124127984	-0.17210631	-0.21150239	0.14595821
-0.08231987	0.079009004	0.092274554	-0.10605637	-0.07493044	0.10588435	0.06986232	-0.1174871	-0.045577534	-0.114279576	-0.065356165	-0.11760141	0.078828745	0.13225397	0.12986985	-0.12806016
-0.23966941	0.51758254	0.40011236	-0.48236498	-0.49405274	0.37117797	0.32390594	-0.48105508	-0.39518523	-0.3691182	-0.46680513	-0.5381669	0.47503096	0.3705522	0.5007668	-0.4073627
0.121837355	-0.11255892	-0.12737215	0.15621461	0.18364711	-0.18721169	-0.17483746	0.16562678	0.123691484	0.08842922	0.15827487	0.20562549	-0.16134581	-0.14281286	-0.21705282	0.18002148
0.11521549	-0.16485108	-0.14123027	0.16976894	0.17146656	-0.11101092	-0.07406477	0.14121419	0.08535747	0.12767895	0.09345862	0.11267328	-0.11860187	-0.12983602	-0.19444898	0.08860415
-0.31166288	0.56000984	0.43501136	-0.46413028	-0.4796345	0.44956157	0.3794099	-0.5200058	-0.48074296	-0.44864935	-0.4665601	-0.60309553	0.45095915	0.39913613	0.5580667	-0.44018796
-0.033283032	-0.19884206	-0.13085638	0.104300894	0.14341123	-0.10513435	-0.18425032	0.1710725	0.09820484	0.17265375	0.11784492	0.18589441	-0.17038865	-0.17469232	-0.13332427	0.15028861
0.2745612	-0.34982052	-0.2941543	0.3552611	0.36464185	-0.34715986	-0.3330839	0.36686465	0.36652145	0.33988634	0.34491375	0.37101158	-0.3226249	-0.2750628	-0.37833965	0.39550218
0.046396762	-0.008845808	-0.024856213	0.045550734	-0.022481823	-0.043938722	-0.0030900873	-0.021203894	0.0011859639	0.0005402267	0.026982715	-0.029954517	-0.026669487	-0.04258799	0.011935812	-0.024600552
-0.33158168	0.44277662	0.37840715	-0.39395785	-0.3582605	0.382013	0.3402455	-0.34895968	-0.3518727	-0.300061	-0.35362104	-0.45023116	0.42498302	0.2812902	0.49337536	-0.38904396
-0.13812123	0.19202209	0.20175812	-0.14988966	-0.12918563	0.10002381	0.0929631	-0.1175662	-0.17215404	-0.16077866	-0.21197677	-0.17379093	0.19797291	0.13794641	0.17678283	-0.11315635
0.24283294	-0.35847113	-0.30631554	0.3514115	0.29718047	-0.32858348	-0.29818925	0.32593673	0.31300828	0.25409624	0.2993039	0.38146234	-0.32578403	-0.24006173	-0.34537682	0.29198265
-0.15128848	0.32597798	0.23963673	-0.2877221	-0.31261182	0.22223039	0.21196362	-0.27438304	-0.2677547	-0.20627865	-0.23646484	-0.29001275	0.30069065	0.28214994	0.36285076	-0.24127866
-0.2175975	0.39746022	0.38958484	-0.38495284	-0.4337072	0.35365152	0.29187623	-0.38054946	-0.33902356	-0.34139007	-0.3696556	-0.46995345	0.43758127	0.3210678	0.47627535	-0.3931247
0.062078327	-0.014468029	-0.027169185	0.034207538	0.08990541	-0.020121882	-0.05920267	0.07570093	0.09712394	0.104949795	0.056011718	0.060819786	-0.10454461	-0.101391435	-0.087440975	0.085084416
-0.13194588	0.16797484	0.15864445	-0.23528156	-0.22484717	0.20677078	0.17409664	-0.21498746	-0.14198351	-0.15499817	-0.1789241	-0.24188463	0.21982048	0.18342286	0.19287623	-0.15642884
-0.11558305	0.17157578	0.21783489	-0.25149798	-0.16023135	0.15043667	0.19367687	-0.22192459	-0.18708381	-0.21852444	-0.20872277	-0.22860178	0.17419432	0.18133573	0.19466732	-0.21807289
0.093222514	-0.17847726	-0.15549839	0.17218666	0.18160483	-0.13288619	-0.20290922	0.12962687	0.17613238	0.15990235	0.1333744	0.24024925	-0.16101004	-0.10592753	-0.21889177	0.1762068
-0.019811215	-0.014071481	0.049185675	-0.05499283	-0.057824858	0.033892363	0.057642084	0.03311902	0.014604441	-0.047141433	-0.059416752	0.0051686484	0.014794236	0.03889947	0.018367374	-0.019081524
-0.24668148	0.54975003	0.40740776	-0.45363754	-0.52366036	0.4714523	0.45965818	-0.418861	-0.4681539	-0.4033525	-0.4368853	-0.5018804	0.4956973	0.40207735	0.56069773	-0.45963186
0.022308035	0.06272121	0.08137171	-0.05869823	-0.12599851	0.08122381	0.05448549	-0.07546511	-0.115665644	-0.038475327	-0.09716557	-0.11705902	0.08205191	0.107782304	0.06575493	-0.10571237
0.15522891	-0.22685227	-0.1947561	0.17015564	0.19544466	-0.14648226	-0.18669687	0.1871242	0.20529418	0.119142406	0.19514094	0.24354847	-0.1965088	-0.1638042	-0.21015769	0.2154397
0.17889531	-0.1755807	-0.14087401	0.23458764	0.14954557	-0.2044234	-0.17915122	0.14458586	0.16343679	0.2154203	0.16695976	0.21892734	-0.22966717	-0.14911109	-0.2702501	0.20997058
-0.09481829	0.08807588	0.081823476	-0.092937045	-0.16681339	0.13727821	0.0630944	-0.11929371	-0.12794709	-0.10079113	-0.113537475	-0.12542522	0.09674691	0.058998045	0.16542812	-0.15642606
-0.20596841	0.46497574	0.43121442	-0.40496907	-0.387284	0.38434833	0.30441844	-0.40140808	-0.42104676	-0.34191817	-0.46583965	-0.47357982	0.4229461	0.3657885	0.43160486	-0.38354963
-0.30565676	0.50402564	0.4499018	-0.51640344	-0.47290334	0.406425	0.37612104	-0.42367634	-0.4303875	-0.41216955	-0.42222726	-0.48186818	0.4352839	0.3548542	0.5214948	-0.4752093
-0.2986811	0.48405328	0.35667557	-0.40558663	-0.40561932	0.34586462	0.3490741	-0.44086477	-0.34893614	-0.39783826	-0.37922484	-0.5019267	0.40055013	0.29405078	0.4647104	-0.44259417
-0.19206259	0.49430284	0.36753792	-0.42666498	-0.45677224	0.35815594	0.30854577	-0.4590261	-0.40273353	-0.3445187	-0.37016374	-0.46614027	0.38779065	0.35648727	0.46725982	-0.42170668
0.09332957	-0.13012552	-0.06458856	0.119888216	0.06376448	-0.06817896	-0.020556042	0.093099676	0.11006436	0.045475904	0.04036886	0.13197903	-0.09381553	-0.088008665	-0.0810373	0.047133334
-0.2523862	0.49886507	0.38709623	-0.39764473	-0.4509451	0.34935278	0.368665	-0.36180112	-0.35436252	-0.39720625	-0.3550307	-0.42116112	0.42330346	0.33974645	0.43888038	-0.41453126
-0.04208302	0.17342378	0.15969229	-0.20270512	-0.20709866	0.2039499	0.121702135	-0.19414203	-0.16463484	-0.1774917	-0.123283975	-0.1313701	0.1803051	0.18761252	0.14158447	-0.17566633
0.109879434	-0.19669172	-0.17430706	0.21056543	0.23668751	-0.1939062	-0.16755335	0.18828988	0.16345558	0.15476206	0.21008383	0.20734675	-0.23456427	-0.12173382	-0.17782417	0.17194346
-0.22435993	0.41866878	0.35888585	-0.40189493	-0.4290053	0.325824	0.36760554	-0.40043828	-0.36544308	-0.32691702	-0.4113267	-0.47565386	0.38879007	0.3738488	0.47169003	-0.38843817
-0.030325593	0.054212283	0.104692645	-0.092337206	-0.028327048	0.09603047	0.09526938	-0.030771367	-0.021558793	-0.056496926	-0.11874512	-0.053800818	0.117830366	0.06596721	0.1123936	-0.03467908
0.13247523	-0.19693513	-0.2051573	0.25231498	0.23725612	-0.23357382	-0.19519885	0.21768303	0.16774097	0.22767049	0.24355838	0.27681538	-0.252904	-0.17426632	-0.2297896	0.25878924
0.19338903	-0.3279375	-0.34522644	0.39352033	0.28993014	-0.3385301	-0.31622595	0.35555625	0.37505674	0.2938789	0.3822846	0.40102762	-0.37165278	-0.2878126	-0.3498513	0.33874437
0.06637477	-0.13963242	-0.18338594	0.1131665	0.15046267	-0.093174	-0.15474616	0.13478287	0.11575635	0.13896358	0.15507275	0.12367652	-0.11858306	-0.18480882	-0.18339679	0.18121539
-0.0069913166	-0.018127147	-0.049355533	-0.019631162	0.014483124	-0.041929282	-0.0308082	0.005584945	-0.007935774	0.04746916	0.043544907	0.02541391	-0.022503192	-0.053429097	0.017395474	-0.01715269
-0.22285178	0.5393528	0.46080816	-0.4316884	-0.47276556	0.44761094	0.32685494	-0.42950937	-0.42725673	-0.38601646	-0.40990144	-0.44765362	0.4238457	0.33715722	0.5773952	-0.49045813
-0.08662406	0.26904607	0.14430578	-0.17866938	-0.15241024	0.16960706	0.11762358	-0.18913825	-0.1944126	-0.1607185	-0.19036609	-0.24915558	0.24721694	0.13167621	0.2141672	-0.23742099
0.27155435	-0.36667106	-0.3742784	0.34488088	0.335191	-0.28382722	-0.26489115	0.35657433	0.32396716	0.35750052	0.3151313	0.43364364	-0.36765167	-0.28068665	-0.39096084	0.3609507
0.30959648	-0.39598888	-0.31921232	0.39533517	0.37272543	-0.34600028	-0.2935628	0.32141575	0.34317055	0.30100465	0.35113233	0.43888322	-0.3577068	-0.29376894	-0.3866194	0.36627883
-0.0846577	0.15587853	0.18352117	-0.23271683	-0.1820765	0.18602058	0.15010284	-0.14222927	-0.15045848	-0.16249655	-0.22223894	-0.19515818	0.21549195	0.20159398	0.2282583	-0.19964212
0.1763361	-0.33671436	-0.29352322	0.31234422	0.332399	-0.32022917	-0.2562086	0.3156815	0.33409822	0.30535564	0.29617277	0.3129145	-0.31247506	-0.2532943	-0.34232527	0.2839506
0.039346732	-0.16288936	-0.118213184	0.16427241	0.087296166	-0.108490005	-0.13923113	0.09986989	0.15376523	0.0813337	0.17139979	0.15453187	-0.17001688	-0.13036263	-0.16545986	0.13375187
-0.18199253	0.28526095	0.2156313	-0.32486922	-0.31750232	0.28197184	0.28679845	-0.24032691	-0.29551718	-0.27000397	-0.28961435	-0.28800595	0.274548	0.20768723	0.30372208	-0.3080067
-0.16615999	0.29931283	0.21272211	-0.26385972	-0.20297511	0.21023771	0.20001839	-0.1749777	-0.24387415	-0.16651532	-0.23536207	-0.21456657	0.2504917	0.22847171	0.29575044	-0.2693418
0.0015021595	0.12673406	0.10524742	-0.10343597	-0.0716593	0.12095111	0.10340033	-0.12629005	-0.09377636	-0.08363024	-0.060258538	-0.1106676	0.07613347	0.12492886	0.08811035	-0.08308965
0.2618211	-0.2818316	-0.23905194	0.20394824	0.22476001	-0.18127826	-0.24399127	0.27351153	0.21788922	0.2415463	0.26862222	0.29125726	-0.26739794	-0.20957269	-0.23236746	0.20511137
0.00022959939	0.03930552	0.019063361	-0.025088755	0.043775864	-0.02709289	0.034472488	0.04884203	-0.014302796	0.027298165	-0.012946561	0.05831538	-0.011901446	-0.0030544759	-0.022670107	-0.013020085
0.1309988	-0.24410094	-0.14814311	0.23779818	0.170362	-0.15372339	-0.22888555	0.15027708	0.1978388	0.13873442	0.17287298	0.2762342	-0.16244413	-0.13171086	-0.2399427	0.1707341
0.135206	-0.14987539	-0.21635172	0.13550806	0.15948522	-0.20914522	-0.19685183	0.1903577	0.1851457	0.17036901	0.11901902	0.19215052	-0.14252311	-0.20030425	-0.16755533	0.18053107
0.08303515	-0.29749513	-0.21288003	0.23799945	0.27705348	-0.23044026	-0.2443162	0.27624968	0.20663276	0.21618558	0.2969785	0.2638067	-0.31417507	-0.17918459	-0.30690354	0.2885094
0.25043717	-0.38870046	-0.34742868	0.31194103	0.30576137	-0.3229416	-0.3176308	0.3470449	0.30462384	0.30783275	0.29411554	0.34790787	-0.3878639	-0.28792384	-0.40923303	0.30701223
-0.2588642	0.4801114	0.33961168	-0.46662116	-0.41443908	0.36744264	0.3111952	-0.35315698	-0.41682503	-0.32455772	-0.4441467	-0.45307836	0.3575321	0.30809832	0.4895584	-0.35674414
-0.28585365	0.45021406	0.39250803	-0.41176963	-0.47055265	0.3861553	0.38989922	-0.44111934	-0.4138541	-0.41798845	-0.42348465	-0.5457908	0.45172113	0.37009296	0.53737795	-0.4325905
0.1814907	-0.3104341	-0.24622433	0.27645466	0.32282606	-0.3265334	-0.28582633	0.25264665	0.2815563	0.25103799	0.25525233	0.32800922	-0.3294427	-0.30592832	-0.3788455	0.26756838
-0.1967463	0.4854459	0.37278774	-0.4179843	-0.47494745	0.36443034	0.33043295	-0.42110085	-0.45279244	-0.4209849	-0.43239212	-0.54027116	0.4862431	0.3224883	0.5052471	-0.46096554
0.13871847	-0.20241044	-0.15466173	0.17831792	0.17335662	-0.2273918	-0.13077529	0.1746601	0.19370145	0.16293512	0.15056385	0.19340478	-0.1938619	-0.14575762	-0.20460357	0.14328031
0.2475127	-0.53394705	-0.43234056	0.5054219	0.4629976	-0.46708217	-0.44899547	0.3963717	0.43046686	0.40645614	0.47490096	0.45106694	-0.48827022	-0.3959109	-0.55423146	0.41822502
0.13631423	-0.16213502	-0.14201097	0.15745528	0.16302392	-0.086594164	-0.08497331	0.094851956	0.124891356	0.109547965	0.14741504	0.09771391	-0.09233337	-0.16386108	-0.13480408	0.088991545
0.091449805	-0.08917715	-0.07302372	0.16965987	0.14505593	-0.112253666	-0.07255412	0.12638727	0.10414331	0.120667905	0.1150498	0.13128883	-0.0859848	-0.10301176	-0.10801107	0.08301186
0.2253516	-0.40058666	-0.30715108	0.35045767	0.3004139	-0.2772312	-0.23923413	0.2747236	0.33078763	0.2925281	0.27148998	0.395568	-0.3333964	-0.28755984	-0.3532298	0.2956512
-0.22382393	0.55061483	0.44567886	-0.45719057	-0.5049986	0.44380867	0.36436233	-0.43347883	-0.40986165	-0.4038582	-0.49675518	-0.56145304	0.5084087	0.38459387	0.53904057	-0.49673018
0.2657313	-0.41460013	-0.29921907	0.3825346	0.3441696	-0.3028834	-0.2941597	0.35482857	0.35728878	0.34502417	0.3938505	0.36206073	-0.35472566	-0.29162735	-0.39092824	0.3888477
0.13993551	-0.26472434	-0.23758785	0.22645691	0.21696678	-0.19448191	-0.16268608	0.18024644	0.26626423	0.20705885	0.20468298	0.2896543	-0.18267041	-0.18232048	-0.29860303	0.22157755
0.18987635	-0.22482693	-0.17635141	0.2106658	0.25491586	-0.21688081	-0.23759155	0.26206422	0.2626271	0.25550893	0.23940496	0.27833852	-0.22038312	-0.14948207	-0.2432052	0.21886022
-0.14151384	0.24733107	0.17684418	-0.22923116	-0.15572728	0.14089356	0.20330112	-0.1828299	-0.14861414	-0.20146112	-0.22756799	-0.25180098	0.2061781	0.18361749	0.19580056	-0.1962772
0.21763329	-0.4116149	-0.3359865	0.40187326	0.43185186	-0.3121901	-0.38394523	0.41639015	0.38178414	0.3965171	0.38630727	0.39647236	-0.3447764	-0.349978	-0.42143953	0.3416286
-0.151361	0.1192136	0.10446581	-0.1576095	-0.08111401	0.09557393	0.14111236	-0.14107105	-0.10382559	-0.15321466	-0.07746709	-0.08966916	0.10343414	0.09703988	0.16139215	-0.09077816
-0.16476208	0.46954343	0.3484564	-0.42523104	-0.4281049	0.32955265	0.3655305	-0.3403969	-0.37516516	-0.34153092	-0.3491535	-0.48113123	0.42748109	0.30205697	0.4894809	-0.3983799
0.07701964	-0.09182191	-0.11378522	0.117095545	0.15463534	-0.15856677	-0.1374913	0.11931285	0.073429324	0.1283457	0.077107705	0.1353633	-0.076346315	-0.11752996	-0.15998736	0.07365416
